Location no : 1,,,,,
1,LUMS-Guest,c8:f9:f9:a0:97:81,-90,31.470758,74.409103
1,LUMS-Guest,c8:f9:f9:a0:6a:21,-86,31.470758,74.409103
1,wireless,c8:f9:f9:a0:6a:20,-85,31.470758,74.409103
1,wireless,c8:f9:f9:89:84:70,-83,31.470758,74.409103
2,LUMS-Guest,c8:f9:f9:a0:97:81,-90,31.470758,74.409103
2,LUMS-Guest,c8:f9:f9:a0:6a:21,-86,31.470758,74.409103
2,wireless,c8:f9:f9:a0:6a:20,-85,31.470758,74.409103
2,wireless,c8:f9:f9:89:84:70,-83,31.470758,74.409103
3,LUMS-Guest,c8:f9:f9:a0:c9:01,-83,31.470758,74.409103
3,wireless,c8:f9:f9:a0:6a:20,-89,31.470758,74.409103
3,LUMS-Guest,c8:f9:f9:89:84:71,-95,31.470758,74.409103
3,wireless,c8:f9:f9:a0:c9:00,-91,31.470758,74.409103
3,wireless,c8:f9:f9:89:84:70,-83,31.470758,74.409103
,,,,,
Location no : 2,,,,,
4,LUMS-Guest,c8:f9:f9:a0:c9:01,-82,31.470685,74.409177
4,wireless,c8:f9:f9:a0:c9:00,-89,31.470685,74.409177
4,wireless,c8:f9:f9:89:84:70,-83,31.470685,74.409177
5,LUMS-Guest,c8:f9:f9:a0:c9:01,-82,31.470685,74.409177
5,wireless,c8:f9:f9:a0:c9:00,-89,31.470685,74.409177
5,wireless,c8:f9:f9:89:84:70,-83,31.470685,74.409177
6,LUMS-Guest,c8:f9:f9:89:8a:81,-91,31.470685,74.409177
6,wireless,c8:f9:f9:a0:6a:20,-91,31.470685,74.409177
6,LUMS-Guest,c8:f9:f9:89:84:71,-86,31.470685,74.409177
6,LUMS-Guest,c8:f9:f9:a0:6a:21,-91,31.470685,74.409177
6,wireless,c8:f9:f9:89:84:70,-83,31.470685,74.409177
6,wireless,c8:f9:f9:89:8a:80,-88,31.470685,74.409177
,,,,,
Location no : 3,,,,,
7,LUMS-Guest,c8:f9:f9:89:8a:81,-95,31.470612,74.409242
7,wireless,c8:f9:f9:a0:6a:20,-94,31.470612,74.409242
7,LUMS-Guest,c8:f9:f9:89:84:71,-86,31.470612,74.409242
7,LUMS-Guest,c8:f9:f9:a0:6a:21,-88,31.470612,74.409242
7,wireless,c8:f9:f9:89:84:70,-93,31.470612,74.409242
7,wireless,c8:f9:f9:89:8a:80,-84,31.470612,74.409242
8,LUMS-Guest,c8:f9:f9:89:8a:81,-95,31.470612,74.409242
8,wireless,c8:f9:f9:a0:6a:20,-94,31.470612,74.409242
8,LUMS-Guest,c8:f9:f9:89:84:71,-86,31.470612,74.409242
8,LUMS-Guest,c8:f9:f9:a0:6a:21,-88,31.470612,74.409242
8,wireless,c8:f9:f9:89:84:70,-93,31.470612,74.409242
8,wireless,c8:f9:f9:89:8a:80,-84,31.470612,74.409242
9,LUMS-Guest,c8:f9:f9:a0:97:81,-95,31.470612,74.409242
9,wireless,c8:f9:f9:a0:6a:20,-80,31.470612,74.409242
9,LUMS-Guest,c8:f9:f9:a0:6a:21,-83,31.470612,74.409242
9,wireless,c8:f9:f9:89:84:70,-93,31.470612,74.409242
9,wireless,c8:f9:f9:89:8a:80,-88,31.470612,74.409242
,,,,,
Location no : 4,,,,,
10,LUMS-Guest,c8:f9:f9:89:8a:81,-86,31.470544,74.409294
10,wireless,c8:f9:f9:a0:6a:20,-87,31.470544,74.409294
10,LUMS-Guest,c8:f9:f9:89:84:71,-83,31.470544,74.409294
10,LUMS-Guest,c8:f9:f9:a0:6a:21,-87,31.470544,74.409294
10,wireless,c8:f9:f9:89:84:70,-90,31.470544,74.409294
10,wireless,c8:f9:f9:89:8a:80,-94,31.470544,74.409294
11,LUMS-Guest,c8:f9:f9:89:8a:81,-86,31.470544,74.409294
11,wireless,c8:f9:f9:a0:6a:20,-87,31.470544,74.409294
11,LUMS-Guest,c8:f9:f9:89:84:71,-83,31.470544,74.409294
11,LUMS-Guest,c8:f9:f9:a0:6a:21,-87,31.470544,74.409294
11,wireless,c8:f9:f9:89:84:70,-90,31.470544,74.409294
11,wireless,c8:f9:f9:89:8a:80,-94,31.470544,74.409294
12,LUMS-Guest,c8:f9:f9:89:84:71,-85,31.470544,74.409294
12,wireless,c8:f9:f9:89:84:70,-92,31.470544,74.409294
,,,,,
Location no : 5,,,,,
13,wireless,c8:f9:f9:a0:c9:00,-95,31.470571,74.409338
13,wireless,c8:f9:f9:89:84:70,-92,31.470571,74.409338
14,wireless,c8:f9:f9:a0:c9:00,-95,31.470571,74.409338
14,wireless,c8:f9:f9:89:84:70,-92,31.470571,74.409338
15,LUMS-Guest,c8:f9:f9:89:84:71,-88,31.470571,74.409338
15,wireless,c8:f9:f9:a0:97:80,-94,31.470571,74.409338
15,wireless,c8:f9:f9:89:84:70,-83,31.470571,74.409338
,,,,,
Location no : 6,,,,,
16,wireless,c8:f9:f9:a0:c9:00,-91,31.470634,74.409279
16,wireless,c8:f9:f9:89:84:70,-83,31.470634,74.409279
16,wireless,c8:f9:f9:89:8a:80,-86,31.470634,74.409279
17,wireless,c8:f9:f9:a0:c9:00,-91,31.470634,74.409279
17,wireless,c8:f9:f9:89:84:70,-83,31.470634,74.409279
17,wireless,c8:f9:f9:89:8a:80,-86,31.470634,74.409279
18,LUMS-Guest,c8:f9:f9:a0:c9:01,-87,31.470634,74.409279
18,LUMS-Guest,c8:f9:f9:89:8a:81,-96,31.470634,74.409279
18,wireless,c8:f9:f9:a0:6a:20,-89,31.470634,74.409279
18,wireless,c8:f9:f9:a0:c9:00,-84,31.470634,74.409279
18,LUMS-Guest,c8:f9:f9:a0:6a:21,-90,31.470634,74.409279
18,wireless,c8:f9:f9:89:84:70,-83,31.470634,74.409279
18,wireless,c8:f9:f9:89:8a:80,-92,31.470634,74.409279
,,,,,
Location no : 7,,,,,
19,LUMS-Guest,c8:f9:f9:a0:c9:01,-89,31.470718,74.409211
19,wireless,c8:f9:f9:a0:6a:20,-89,31.470718,74.409211
19,wireless,c8:f9:f9:a0:c9:00,-89,31.470718,74.409211
19,LUMS-Guest,c8:f9:f9:a0:6a:21,-89,31.470718,74.409211
19,wireless,c8:f9:f9:89:84:70,-83,31.470718,74.409211
20,LUMS-Guest,c8:f9:f9:a0:c9:01,-89,31.470718,74.409211
20,wireless,c8:f9:f9:a0:6a:20,-89,31.470718,74.409211
20,wireless,c8:f9:f9:a0:c9:00,-89,31.470718,74.409211
20,LUMS-Guest,c8:f9:f9:a0:6a:21,-89,31.470718,74.409211
20,wireless,c8:f9:f9:89:84:70,-83,31.470718,74.409211
21,LUMS-Guest,c8:f9:f9:a0:c9:01,-77,31.470718,74.409211
21,LUMS-Guest,c8:f9:f9:89:8a:81,-75,31.470718,74.409211
21,wireless,c8:f9:f9:a0:c9:00,-76,31.470718,74.409211
21,wireless,c8:f9:f9:89:84:70,-83,31.470718,74.409211
21,wireless,c8:f9:f9:89:8a:80,-76,31.470718,74.409211
,,,,,
Location no : 8,,,,,
22,LUMS-Guest,c8:f9:f9:a0:c9:01,-78,31.470788,74.409149
22,LUMS-Guest,c8:f9:f9:89:8a:81,-76,31.470788,74.409149
22,wireless,c8:f9:f9:a0:6a:20,-92,31.470788,74.409149
22,wireless,c8:f9:f9:a0:c9:00,-76,31.470788,74.409149
22,wireless,c8:f9:f9:89:84:70,-83,31.470788,74.409149
22,wireless,c8:f9:f9:89:8a:80,-79,31.470788,74.409149
23,LUMS-Guest,c8:f9:f9:a0:c9:01,-78,31.470788,74.409149
23,LUMS-Guest,c8:f9:f9:89:8a:81,-76,31.470788,74.409149
23,wireless,c8:f9:f9:a0:6a:20,-92,31.470788,74.409149
23,wireless,c8:f9:f9:a0:c9:00,-76,31.470788,74.409149
23,wireless,c8:f9:f9:89:84:70,-83,31.470788,74.409149
23,wireless,c8:f9:f9:89:8a:80,-79,31.470788,74.409149
24,LUMS-Guest,c8:f9:f9:a0:c9:01,-78,31.470788,74.409149
24,LUMS-Guest,c8:f9:f9:a0:67:11,-94,31.470788,74.409149
24,wireless,c8:f9:f9:a0:c9:00,-78,31.470788,74.409149
24,wireless,c8:f9:f9:a0:67:10,-94,31.470788,74.409149
24,wireless,c8:f9:f9:89:84:70,-83,31.470788,74.409149
,,,,,
Location no : 9,,,,,
25,LUMS-Guest,c8:f9:f9:a0:c9:01,-84,31.470816,74.409178
25,wireless,c8:f9:f9:a0:c9:00,-80,31.470816,74.409178
25,wireless,c8:f9:f9:a0:67:10,-92,31.470816,74.409178
25,wireless,c8:f9:f9:89:84:70,-83,31.470816,74.409178
26,LUMS-Guest,c8:f9:f9:a0:c9:01,-84,31.470816,74.409178
26,wireless,c8:f9:f9:a0:c9:00,-80,31.470816,74.409178
26,wireless,c8:f9:f9:a0:67:10,-92,31.470816,74.409178
26,wireless,c8:f9:f9:89:84:70,-83,31.470816,74.409178
27,LUMS-Guest,c8:f9:f9:89:84:71,-90,31.470816,74.409178
27,LUMS-Guest,c8:f9:f9:a0:c9:01,-90,31.470816,74.409178
27,wireless,c8:f9:f9:a0:6a:20,-95,31.470816,74.409178
27,wireless,c8:f9:f9:89:84:70,-83,31.470816,74.409178
,,,,,
Location no : 10,,,,,
28,LUMS-Guest,c8:f9:f9:89:84:71,-90,31.47074,74.409248
28,wireless,c8:f9:f9:a0:c9:00,-91,31.47074,74.409248
28,wireless,c8:f9:f9:89:84:70,-94,31.47074,74.409248
29,LUMS-Guest,c8:f9:f9:89:84:71,-90,31.47074,74.409248
29,wireless,c8:f9:f9:a0:c9:00,-91,31.47074,74.409248
29,wireless,c8:f9:f9:89:84:70,-94,31.47074,74.409248
30,LUMS-Guest,c8:f9:f9:89:84:71,-89,31.47074,74.409248
30,LUMS-Guest,c8:f9:f9:a0:6a:21,-91,31.47074,74.409248
30,wireless,c8:f9:f9:89:84:70,-87,31.47074,74.409248
31,LUMS-Guest,c8:f9:f9:89:84:71,-89,31.47074,74.409248
31,LUMS-Guest,c8:f9:f9:a0:6a:21,-91,31.47074,74.409248
31,wireless,c8:f9:f9:89:84:70,-87,31.47074,74.409248
,,,,,
Location no : 11,,,,,
32,LUMS-Guest,c8:f9:f9:89:84:71,-90,31.470652,74.409327
32,LUMS-Guest,c8:f9:f9:a0:6a:21,-94,31.470652,74.409327
32,wireless,c8:f9:f9:a0:6a:20,-94,31.470652,74.409327
32,wireless,c8:f9:f9:89:84:70,-86,31.470652,74.409327
33,LUMS-Guest,c8:f9:f9:89:84:71,-90,31.470652,74.409327
33,LUMS-Guest,c8:f9:f9:a0:6a:21,-94,31.470652,74.409327
33,wireless,c8:f9:f9:a0:6a:20,-94,31.470652,74.409327
33,wireless,c8:f9:f9:89:84:70,-86,31.470652,74.409327
34,LUMS-Guest,c8:f9:f9:a0:97:81,-95,31.470652,74.409327
34,wireless,c8:f9:f9:89:84:70,-86,31.470652,74.409327
,,,,,
Location no : 12,,,,,
35,LUMS-Guest,c8:f9:f9:a0:97:81,-95,31.470594,74.409383
35,wireless,c8:f9:f9:a0:6a:20,-94,31.470594,74.409383
35,LUMS-Guest,c8:f9:f9:89:84:71,-84,31.470594,74.409383
35,LUMS-Guest,c8:f9:f9:a0:6a:21,-94,31.470594,74.409383
35,wireless,c8:f9:f9:89:84:70,-88,31.470594,74.409383
36,LUMS-Guest,c8:f9:f9:a0:97:81,-95,31.470594,74.409383
36,wireless,c8:f9:f9:a0:6a:20,-94,31.470594,74.409383
36,LUMS-Guest,c8:f9:f9:89:84:71,-84,31.470594,74.409383
36,LUMS-Guest,c8:f9:f9:a0:6a:21,-94,31.470594,74.409383
36,wireless,c8:f9:f9:89:84:70,-88,31.470594,74.409383
37,LUMS-Guest,c8:f9:f9:a0:97:81,-96,31.470594,74.409383
37,wireless,c8:f9:f9:a0:c4:40,-95,31.470594,74.409383
37,LUMS-Guest,c8:f9:f9:89:84:71,-84,31.470594,74.409383
37,LUMS-Guest,c8:f9:f9:a0:6a:21,-90,31.470594,74.409383
37,wireless,c8:f9:f9:a0:97:80,-94,31.470594,74.409383
37,wireless,c8:f9:f9:89:84:70,-80,31.470594,74.409383
,,,,,
Location no : 13,,,,,
38,LUMS-Guest,c8:f9:f9:89:84:71,-83,31.470624,74.409428
38,LUMS-Guest,c8:f9:f9:a0:97:81,-97,31.470624,74.409428
38,wireless,c8:f9:f9:89:84:70,-79,31.470624,74.409428
38,wireless,c8:f9:f9:a0:c4:40,-93,31.470624,74.409428
39,LUMS-Guest,c8:f9:f9:89:84:71,-83,31.470624,74.409428
39,LUMS-Guest,c8:f9:f9:a0:97:81,-97,31.470624,74.409428
39,wireless,c8:f9:f9:89:84:70,-79,31.470624,74.409428
39,wireless,c8:f9:f9:a0:c4:40,-93,31.470624,74.409428
40,LUMS-Guest,c8:f9:f9:89:84:71,-75,31.470624,74.409428
40,wireless,c8:f9:f9:89:84:70,-79,31.470624,74.409428
,,,,,
Location no : 14,,,,,
41,LUMS-Guest,c8:f9:f9:89:84:71,-75,31.47069,74.40937
41,wireless,c8:f9:f9:a0:c9:00,-92,31.47069,74.40937
41,wireless,c8:f9:f9:a0:6a:20,-93,31.47069,74.40937
41,wireless,c8:f9:f9:89:84:70,-77,31.47069,74.40937
42,LUMS-Guest,c8:f9:f9:89:84:71,-75,31.47069,74.40937
42,wireless,c8:f9:f9:a0:c9:00,-92,31.47069,74.40937
42,wireless,c8:f9:f9:a0:6a:20,-93,31.47069,74.40937
42,wireless,c8:f9:f9:89:84:70,-77,31.47069,74.40937
43,LUMS-Guest,c8:f9:f9:a0:c9:01,-93,31.47069,74.40937
43,wireless,c8:f9:f9:a0:c9:00,-92,31.47069,74.40937
43,wireless,c8:f9:f9:89:84:70,-77,31.47069,74.40937
44,LUMS-Guest,c8:f9:f9:a0:c9:01,-93,31.47069,74.40937
44,wireless,c8:f9:f9:a0:c9:00,-92,31.47069,74.40937
44,wireless,c8:f9:f9:89:84:70,-77,31.47069,74.40937
,,,,,
Location no : 15,,,,,
45,LUMS-Guest,c8:f9:f9:a0:c9:01,-91,31.470774,74.409293
45,LUMS-Guest,c8:f9:f9:89:8a:81,-96,31.470774,74.409293
45,wireless,c8:f9:f9:a0:6a:20,-96,31.470774,74.409293
45,LUMS-Guest,c8:f9:f9:89:84:71,-93,31.470774,74.409293
45,wireless,c8:f9:f9:a0:c9:00,-86,31.470774,74.409293
45,wireless,c8:f9:f9:89:84:70,-77,31.470774,74.409293
46,LUMS-Guest,c8:f9:f9:a0:c9:01,-91,31.470774,74.409293
46,LUMS-Guest,c8:f9:f9:89:8a:81,-96,31.470774,74.409293
46,wireless,c8:f9:f9:a0:6a:20,-96,31.470774,74.409293
46,LUMS-Guest,c8:f9:f9:89:84:71,-93,31.470774,74.409293
46,wireless,c8:f9:f9:a0:c9:00,-86,31.470774,74.409293
46,wireless,c8:f9:f9:89:84:70,-77,31.470774,74.409293
47,LUMS-Guest,c8:f9:f9:a0:c9:01,-92,31.470774,74.409293
47,LUMS-Guest,c8:f9:f9:89:8a:81,-90,31.470774,74.409293
47,wireless,c8:f9:f9:a0:c9:00,-89,31.470774,74.409293
47,wireless,c8:f9:f9:89:84:70,-77,31.470774,74.409293
47,wireless,c8:f9:f9:89:8a:80,-90,31.470774,74.409293
,,,,,
Location no : 16,,,,,
48,LUMS-Guest,c8:f9:f9:89:8a:81,-96,31.470846,74.409237
48,wireless,c8:f9:f9:a0:c9:00,-94,31.470846,74.409237
48,wireless,c8:f9:f9:a0:6a:20,-94,31.470846,74.409237
48,wireless,c8:f9:f9:89:84:70,-77,31.470846,74.409237
49,LUMS-Guest,c8:f9:f9:89:8a:81,-96,31.470846,74.409237
49,wireless,c8:f9:f9:a0:c9:00,-94,31.470846,74.409237
49,wireless,c8:f9:f9:a0:6a:20,-94,31.470846,74.409237
49,wireless,c8:f9:f9:89:84:70,-77,31.470846,74.409237
,,,,,
Location no : 1,,,,,
1,LUMS-Guest,c8:f9:f9:a0:c9:01,-86,31.471152,74.409398
1,LUMS-Guest,c8:f9:f9:a0:67:11,-78,31.471152,74.409398
1,wireless,c8:f9:f9:a0:6a:20,-93,31.471152,74.409398
1,LUMS-Guest,00:24:c4:ab:68:51,-90,31.471152,74.409398
1,LUMS-Guest,00:18:ba:b7:57:91,-94,31.471152,74.409398
1,wireless,00:18:ba:b7:57:90,-94,31.471152,74.409398
1,wireless,c8:f9:f9:89:8a:80,-60,31.471152,74.409398
1,LUMS-Guest,c8:f9:f9:89:8a:81,-53,31.471152,74.409398
1,wireless,c8:f9:f9:a0:67:10,-79,31.471152,74.409398
2,LUMS-Guest,c8:f9:f9:a0:c9:01,-86,31.471152,74.409398
2,LUMS-Guest,c8:f9:f9:a0:67:11,-78,31.471152,74.409398
2,wireless,c8:f9:f9:a0:6a:20,-93,31.471152,74.409398
2,LUMS-Guest,00:24:c4:ab:68:51,-90,31.471152,74.409398
2,LUMS-Guest,00:18:ba:b7:57:91,-94,31.471152,74.409398
2,wireless,00:18:ba:b7:57:90,-94,31.471152,74.409398
2,wireless,c8:f9:f9:89:8a:80,-60,31.471152,74.409398
2,LUMS-Guest,c8:f9:f9:89:8a:81,-53,31.471152,74.409398
2,wireless,c8:f9:f9:a0:67:10,-79,31.471152,74.409398
3,LUMS-Guest,c8:f9:f9:a0:c9:01,-90,31.471152,74.409398
3,LUMS-Guest,c8:f9:f9:a0:67:11,-85,31.471152,74.409398
3,LUMS-Guest,c8:f9:f9:89:8a:81,-59,31.471152,74.409398
3,wireless,c8:f9:f9:a0:c9:00,-95,31.471152,74.409398
3,wireless,c8:f9:f9:a0:67:10,-80,31.471152,74.409398
3,wireless,c8:f9:f9:89:8a:80,-60,31.471152,74.409398
,,,,,
Location no : 2,,,,,
4,wireless,00:24:c4:ab:68:50,-93,31.471099,74.409313
4,LUMS-Guest,c8:f9:f9:a0:67:11,-80,31.471099,74.409313
4,LUMS-Guest,c8:f9:f9:89:8a:81,-57,31.471099,74.409313
4,wireless,c8:f9:f9:a0:67:10,-83,31.471099,74.409313
4,wireless,c8:f9:f9:89:8a:80,-60,31.471099,74.409313
5,wireless,00:24:c4:ab:68:50,-93,31.471099,74.409313
5,LUMS-Guest,c8:f9:f9:a0:67:11,-80,31.471099,74.409313
5,LUMS-Guest,c8:f9:f9:89:8a:81,-57,31.471099,74.409313
5,wireless,c8:f9:f9:a0:67:10,-83,31.471099,74.409313
5,wireless,c8:f9:f9:89:8a:80,-60,31.471099,74.409313
6,LUMS-Guest,c8:f9:f9:a0:c9:01,-88,31.471099,74.409313
6,LUMS-Guest,c8:f9:f9:a0:67:11,-69,31.471099,74.409313
6,wireless,c8:f9:f9:a0:6a:20,-93,31.471099,74.409313
6,wireless,c8:f9:f9:a0:c9:00,-87,31.471099,74.409313
6,wireless,00:18:ba:b7:57:90,-88,31.471099,74.409313
6,wireless,c8:f9:f9:89:8a:80,-56,31.471099,74.409313
6,LUMS-Guest,c8:f9:f9:89:8a:81,-50,31.471099,74.409313
6,wireless,c8:f9:f9:a0:67:10,-69,31.471099,74.409313
7,LUMS-Guest,c8:f9:f9:a0:c9:01,-88,31.471099,74.409313
7,LUMS-Guest,c8:f9:f9:a0:67:11,-69,31.471099,74.409313
7,wireless,c8:f9:f9:a0:6a:20,-93,31.471099,74.409313
7,wireless,c8:f9:f9:a0:c9:00,-87,31.471099,74.409313
7,wireless,00:18:ba:b7:57:90,-88,31.471099,74.409313
7,wireless,c8:f9:f9:89:8a:80,-56,31.471099,74.409313
7,LUMS-Guest,c8:f9:f9:89:8a:81,-50,31.471099,74.409313
7,wireless,c8:f9:f9:a0:67:10,-69,31.471099,74.409313
,,,,,
Location no : 3,,,,,
8,LUMS-Guest,c8:f9:f9:a0:c9:01,-88,31.47104,74.40922
8,LUMS-Guest,c8:f9:f9:a0:67:11,-70,31.47104,74.40922
8,LUMS-Guest,00:18:ba:b7:57:91,-94,31.47104,74.40922
8,wireless,c8:f9:f9:a0:c9:00,-89,31.47104,74.40922
8,wireless,00:18:ba:b7:57:90,-90,31.47104,74.40922
8,wireless,c8:f9:f9:89:8a:80,-59,31.47104,74.40922
8,LUMS-Guest,c8:f9:f9:89:8a:81,-49,31.47104,74.40922
8,wireless,c8:f9:f9:a0:67:10,-67,31.47104,74.40922
9,LUMS-Guest,c8:f9:f9:a0:c9:01,-88,31.47104,74.40922
9,LUMS-Guest,c8:f9:f9:a0:67:11,-70,31.47104,74.40922
9,LUMS-Guest,00:18:ba:b7:57:91,-94,31.47104,74.40922
9,wireless,c8:f9:f9:a0:c9:00,-89,31.47104,74.40922
9,wireless,00:18:ba:b7:57:90,-90,31.47104,74.40922
9,wireless,c8:f9:f9:89:8a:80,-59,31.47104,74.40922
9,LUMS-Guest,c8:f9:f9:89:8a:81,-49,31.47104,74.40922
9,wireless,c8:f9:f9:a0:67:10,-67,31.47104,74.40922
10,LUMS-Guest,c8:f9:f9:a0:c9:01,-90,31.47104,74.40922
10,LUMS-Guest,c8:f9:f9:a0:67:11,-65,31.47104,74.40922
10,LUMS-Guest,00:18:ba:b7:57:91,-89,31.47104,74.40922
10,wireless,c8:f9:f9:a0:c9:00,-91,31.47104,74.40922
10,wireless,00:18:ba:b7:57:90,-88,31.47104,74.40922
10,wireless,c8:f9:f9:89:8a:80,-75,31.47104,74.40922
10,LUMS-Guest,c8:f9:f9:89:8a:81,-82,31.47104,74.40922
10,wireless,c8:f9:f9:a0:67:10,-65,31.47104,74.40922
,,,,,
Location no : 4,,,,,
11,LUMS-Guest,c8:f9:f9:89:8a:81,-82,31.470982,74.409138
11,LUMS-Guest,c8:f9:f9:a0:67:11,-66,31.470982,74.409138
11,wireless,00:18:ba:b7:57:90,-86,31.470982,74.409138
11,wireless,c8:f9:f9:a0:67:10,-66,31.470982,74.409138
11,wireless,c8:f9:f9:89:8a:80,-81,31.470982,74.409138
12,LUMS-Guest,c8:f9:f9:89:8a:81,-82,31.470982,74.409138
12,LUMS-Guest,c8:f9:f9:a0:67:11,-66,31.470982,74.409138
12,wireless,00:18:ba:b7:57:90,-86,31.470982,74.409138
12,wireless,c8:f9:f9:a0:67:10,-66,31.470982,74.409138
12,wireless,c8:f9:f9:89:8a:80,-81,31.470982,74.409138
13,LUMS-Guest,c8:f9:f9:a0:4f:e1,-87,31.470982,74.409138
13,LUMS-Guest,c8:f9:f9:a0:67:11,-58,31.470982,74.409138
13,LUMS-Guest,00:18:ba:b7:57:91,-91,31.470982,74.409138
13,wireless,00:18:ba:b7:57:90,-88,31.470982,74.409138
13,wireless,c8:f9:f9:89:8a:80,-74,31.470982,74.409138
13,LUMS-Guest,c8:f9:f9:89:8a:81,-77,31.470982,74.409138
13,LUMS-Guest,c8:f9:f9:a0:53:41,-95,31.470982,74.409138
13,wireless,c8:f9:f9:a0:67:10,-59,31.470982,74.409138
14,LUMS-Guest,c8:f9:f9:a0:4f:e1,-87,31.470982,74.409138
14,LUMS-Guest,c8:f9:f9:a0:67:11,-58,31.470982,74.409138
14,LUMS-Guest,00:18:ba:b7:57:91,-91,31.470982,74.409138
14,wireless,00:18:ba:b7:57:90,-88,31.470982,74.409138
14,wireless,c8:f9:f9:89:8a:80,-74,31.470982,74.409138
14,LUMS-Guest,c8:f9:f9:89:8a:81,-77,31.470982,74.409138
14,LUMS-Guest,c8:f9:f9:a0:53:41,-95,31.470982,74.409138
14,wireless,c8:f9:f9:a0:67:10,-59,31.470982,74.409138
,,,,,
Location no : 5,,,,,
15,LUMS-Guest,c8:f9:f9:a0:4f:e1,-80,31.470942,74.409173
15,LUMS-Guest,c8:f9:f9:a0:67:11,-59,31.470942,74.409173
15,LUMS-Guest,00:18:ba:b7:57:91,-91,31.470942,74.409173
15,wireless,00:18:ba:b7:57:90,-92,31.470942,74.409173
15,wireless,c8:f9:f9:89:8a:80,-83,31.470942,74.409173
15,LUMS-Guest,c8:f9:f9:89:8a:81,-78,31.470942,74.409173
15,wireless,c8:f9:f9:a0:4f:e0,-80,31.470942,74.409173
15,wireless,c8:f9:f9:a0:67:10,-59,31.470942,74.409173
16,LUMS-Guest,c8:f9:f9:a0:4f:e1,-80,31.470942,74.409173
16,LUMS-Guest,c8:f9:f9:a0:67:11,-59,31.470942,74.409173
16,LUMS-Guest,00:18:ba:b7:57:91,-91,31.470942,74.409173
16,wireless,00:18:ba:b7:57:90,-92,31.470942,74.409173
16,wireless,c8:f9:f9:89:8a:80,-83,31.470942,74.409173
16,LUMS-Guest,c8:f9:f9:89:8a:81,-78,31.470942,74.409173
16,wireless,c8:f9:f9:a0:4f:e0,-80,31.470942,74.409173
16,wireless,c8:f9:f9:a0:67:10,-59,31.470942,74.409173
17,LUMS-Guest,c8:f9:f9:a0:c9:01,-89,31.470942,74.409173
17,LUMS-Guest,c8:f9:f9:a0:67:11,-88,31.470942,74.409173
17,wireless,c8:f9:f9:a0:c9:00,-92,31.470942,74.409173
17,wireless,00:18:ba:b7:57:90,-94,31.470942,74.409173
17,wireless,c8:f9:f9:89:8a:80,-72,31.470942,74.409173
17,LUMS-Guest,c8:f9:f9:89:8a:81,-71,31.470942,74.409173
17,wireless,c8:f9:f9:a0:4f:e0,-93,31.470942,74.409173
17,wireless,c8:f9:f9:a0:67:10,-84,31.470942,74.409173
18,LUMS-Guest,c8:f9:f9:a0:c9:01,-89,31.470942,74.409173
18,LUMS-Guest,c8:f9:f9:a0:67:11,-88,31.470942,74.409173
18,wireless,c8:f9:f9:a0:c9:00,-92,31.470942,74.409173
18,wireless,00:18:ba:b7:57:90,-94,31.470942,74.409173
18,wireless,c8:f9:f9:89:8a:80,-72,31.470942,74.409173
18,LUMS-Guest,c8:f9:f9:89:8a:81,-71,31.470942,74.409173
18,wireless,c8:f9:f9:a0:4f:e0,-93,31.470942,74.409173
18,wireless,c8:f9:f9:a0:67:10,-84,31.470942,74.409173
,,,,,
Location no : 6,,,,,
19,LUMS-Guest,c8:f9:f9:a0:c9:01,-92,31.470991,74.409258
19,LUMS-Guest,c8:f9:f9:a0:67:11,-90,31.470991,74.409258
19,LUMS-Guest,00:18:ba:b7:57:91,-94,31.470991,74.409258
19,wireless,c8:f9:f9:a0:c9:00,-94,31.470991,74.409258
19,wireless,c8:f9:f9:89:8a:80,-70,31.470991,74.409258
19,LUMS-Guest,c8:f9:f9:89:8a:81,-72,31.470991,74.409258
19,wireless,c8:f9:f9:a0:4f:e0,-94,31.470991,74.409258
19,wireless,c8:f9:f9:a0:67:10,-90,31.470991,74.409258
20,LUMS-Guest,c8:f9:f9:a0:c9:01,-92,31.470991,74.409258
20,LUMS-Guest,c8:f9:f9:a0:67:11,-90,31.470991,74.409258
20,LUMS-Guest,00:18:ba:b7:57:91,-94,31.470991,74.409258
20,wireless,c8:f9:f9:a0:c9:00,-94,31.470991,74.409258
20,wireless,c8:f9:f9:89:8a:80,-70,31.470991,74.409258
20,LUMS-Guest,c8:f9:f9:89:8a:81,-72,31.470991,74.409258
20,wireless,c8:f9:f9:a0:4f:e0,-94,31.470991,74.409258
20,wireless,c8:f9:f9:a0:67:10,-90,31.470991,74.409258
21,LUMS-Guest,c8:f9:f9:a0:c9:01,-92,31.470991,74.409258
21,LUMS-Guest,c8:f9:f9:a0:67:11,-80,31.470991,74.409258
21,LUMS-Guest,c8:f9:f9:89:84:51,-96,31.470991,74.409258
21,LUMS-Guest,00:18:ba:b7:57:91,-92,31.470991,74.409258
21,wireless,00:18:ba:b7:57:90,-91,31.470991,74.409258
21,wireless,c8:f9:f9:89:8a:80,-65,31.470991,74.409258
21,LUMS-Guest,c8:f9:f9:89:8a:81,-66,31.470991,74.409258
21,wireless,c8:f9:f9:a0:67:10,-80,31.470991,74.409258
22,LUMS-Guest,c8:f9:f9:a0:c9:01,-92,31.470991,74.409258
22,LUMS-Guest,c8:f9:f9:a0:67:11,-80,31.470991,74.409258
22,LUMS-Guest,c8:f9:f9:89:84:51,-96,31.470991,74.409258
22,LUMS-Guest,00:18:ba:b7:57:91,-92,31.470991,74.409258
22,wireless,00:18:ba:b7:57:90,-91,31.470991,74.409258
22,wireless,c8:f9:f9:89:8a:80,-65,31.470991,74.409258
22,LUMS-Guest,c8:f9:f9:89:8a:81,-66,31.470991,74.409258
22,wireless,c8:f9:f9:a0:67:10,-80,31.470991,74.409258
,,,,,
Location no : 7,,,,,
23,LUMS-Guest,c8:f9:f9:a0:67:11,-86,31.471054,74.409348
23,LUMS-Guest,c8:f9:f9:89:8a:81,-66,31.471054,74.409348
23,wireless,c8:f9:f9:a0:c9:00,-88,31.471054,74.409348
23,wireless,c8:f9:f9:a0:67:10,-79,31.471054,74.409348
23,wireless,c8:f9:f9:89:8a:80,-71,31.471054,74.409348
24,LUMS-Guest,c8:f9:f9:a0:67:11,-86,31.471054,74.409348
24,LUMS-Guest,c8:f9:f9:89:8a:81,-66,31.471054,74.409348
24,wireless,c8:f9:f9:a0:c9:00,-88,31.471054,74.409348
24,wireless,c8:f9:f9:a0:67:10,-79,31.471054,74.409348
24,wireless,c8:f9:f9:89:8a:80,-71,31.471054,74.409348
25,LUMS-Guest,c8:f9:f9:a0:67:11,-85,31.471054,74.409348
25,LUMS-Guest,c8:f9:f9:89:8a:81,-57,31.471054,74.409348
25,LUMS-Guest,c8:f9:f9:a0:4f:91,-93,31.471054,74.409348
25,wireless,c8:f9:f9:a0:67:10,-86,31.471054,74.409348
25,wireless,c8:f9:f9:89:8a:80,-57,31.471054,74.409348
26,LUMS-Guest,c8:f9:f9:a0:67:11,-85,31.471054,74.409348
26,LUMS-Guest,c8:f9:f9:89:8a:81,-57,31.471054,74.409348
26,LUMS-Guest,c8:f9:f9:a0:4f:91,-93,31.471054,74.409348
26,wireless,c8:f9:f9:a0:67:10,-86,31.471054,74.409348
26,wireless,c8:f9:f9:89:8a:80,-57,31.471054,74.409348
,,,,,
Location no : 8,,,,,
27,LUMS-Guest,c8:f9:f9:a0:c9:01,-91,31.471111,74.409424
27,LUMS-Guest,c8:f9:f9:a0:67:11,-88,31.471111,74.409424
27,LUMS-Guest,c8:f9:f9:89:8a:81,-66,31.471111,74.409424
27,wireless,c8:f9:f9:89:8a:80,-57,31.471111,74.409424
28,LUMS-Guest,c8:f9:f9:a0:c9:01,-91,31.471111,74.409424
28,LUMS-Guest,c8:f9:f9:a0:67:11,-88,31.471111,74.409424
28,LUMS-Guest,c8:f9:f9:89:8a:81,-66,31.471111,74.409424
28,wireless,c8:f9:f9:89:8a:80,-57,31.471111,74.409424
29,LUMS-Guest,c8:f9:f9:a0:c9:01,-90,31.471111,74.409424
29,LUMS-Guest,c8:f9:f9:89:87:41,-89,31.471111,74.409424
29,LUMS-Guest,c8:f9:f9:a0:67:11,-82,31.471111,74.409424
29,LUMS-Guest,c8:f9:f9:89:8a:81,-66,31.471111,74.409424
29,wireless,c8:f9:f9:a0:67:10,-81,31.471111,74.409424
29,wireless,c8:f9:f9:89:8a:80,-70,31.471111,74.409424
,,,,,
Location no : 9,,,,,
30,LUMS-Guest,c8:f9:f9:89:87:41,-88,31.471073,74.409459
30,LUMS-Guest,c8:f9:f9:a0:67:11,-82,31.471073,74.409459
30,LUMS-Guest,c8:f9:f9:89:8a:81,-65,31.471073,74.409459
30,wireless,c8:f9:f9:89:87:40,-83,31.471073,74.409459
30,wireless,c8:f9:f9:a0:67:10,-82,31.471073,74.409459
30,wireless,c8:f9:f9:89:8a:80,-68,31.471073,74.409459
31,LUMS-Guest,c8:f9:f9:89:87:41,-88,31.471073,74.409459
31,LUMS-Guest,c8:f9:f9:a0:67:11,-82,31.471073,74.409459
31,LUMS-Guest,c8:f9:f9:89:8a:81,-65,31.471073,74.409459
31,wireless,c8:f9:f9:89:87:40,-83,31.471073,74.409459
31,wireless,c8:f9:f9:a0:67:10,-82,31.471073,74.409459
31,wireless,c8:f9:f9:89:8a:80,-68,31.471073,74.409459
32,LUMS-Guest,c8:f9:f9:a0:c9:01,-88,31.471073,74.409459
32,LUMS-Guest,c8:f9:f9:89:87:41,-92,31.471073,74.409459
32,LUMS-Guest,c8:f9:f9:89:8a:81,-81,31.471073,74.409459
32,LUMS-Guest,c8:f9:f9:a0:67:11,-73,31.471073,74.409459
32,LUMS-Guest,c8:f9:f9:a0:4f:91,-95,31.471073,74.409459
32,wireless,c8:f9:f9:a0:67:10,-74,31.471073,74.409459
32,wireless,c8:f9:f9:89:8a:80,-79,31.471073,74.409459
33,LUMS-Guest,c8:f9:f9:a0:c9:01,-88,31.471073,74.409459
33,LUMS-Guest,c8:f9:f9:89:87:41,-92,31.471073,74.409459
33,LUMS-Guest,c8:f9:f9:89:8a:81,-81,31.471073,74.409459
33,LUMS-Guest,c8:f9:f9:a0:67:11,-73,31.471073,74.409459
33,LUMS-Guest,c8:f9:f9:a0:4f:91,-95,31.471073,74.409459
33,wireless,c8:f9:f9:a0:67:10,-74,31.471073,74.409459
33,wireless,c8:f9:f9:89:8a:80,-79,31.471073,74.409459
,,,,,
Location no : 10,,,,,
34,LUMS-Guest,c8:f9:f9:a0:c9:01,-91,31.471026,74.409373
34,LUMS-Guest,c8:f9:f9:89:8a:81,-79,31.471026,74.409373
34,LUMS-Guest,c8:f9:f9:a0:67:11,-73,31.471026,74.409373
34,wireless,c8:f9:f9:a0:c9:00,-87,31.471026,74.409373
34,wireless,c8:f9:f9:a0:67:10,-74,31.471026,74.409373
34,wireless,c8:f9:f9:89:8a:80,-77,31.471026,74.409373
35,LUMS-Guest,c8:f9:f9:a0:c9:01,-91,31.471026,74.409373
35,LUMS-Guest,c8:f9:f9:89:8a:81,-79,31.471026,74.409373
35,LUMS-Guest,c8:f9:f9:a0:67:11,-73,31.471026,74.409373
35,wireless,c8:f9:f9:a0:c9:00,-87,31.471026,74.409373
35,wireless,c8:f9:f9:a0:67:10,-74,31.471026,74.409373
35,wireless,c8:f9:f9:89:8a:80,-77,31.471026,74.409373
36,LUMS-Guest,c8:f9:f9:a0:c9:01,-84,31.471026,74.409373
36,LUMS-Guest,c8:f9:f9:a0:67:11,-83,31.471026,74.409373
36,LUMS-Guest,c8:f9:f9:89:8a:81,-60,31.471026,74.409373
36,wireless,c8:f9:f9:a0:c9:00,-95,31.471026,74.409373
36,LUMS-Guest,c8:f9:f9:a0:6a:21,-94,31.471026,74.409373
36,wireless,c8:f9:f9:a0:67:10,-83,31.471026,74.409373
36,wireless,c8:f9:f9:89:8a:80,-58,31.471026,74.409373
37,LUMS-Guest,c8:f9:f9:a0:c9:01,-84,31.471026,74.409373
37,LUMS-Guest,c8:f9:f9:a0:67:11,-83,31.471026,74.409373
37,LUMS-Guest,c8:f9:f9:89:8a:81,-60,31.471026,74.409373
37,wireless,c8:f9:f9:a0:c9:00,-95,31.471026,74.409373
37,LUMS-Guest,c8:f9:f9:a0:6a:21,-94,31.471026,74.409373
37,wireless,c8:f9:f9:a0:67:10,-83,31.471026,74.409373
37,wireless,c8:f9:f9:89:8a:80,-58,31.471026,74.409373
,,,,,
Location no : 11,,,,,
38,LUMS-Guest,c8:f9:f9:89:8a:81,-59,31.470969,74.409278
38,wireless,c8:f9:f9:a0:6a:20,-86,31.470969,74.409278
38,wireless,c8:f9:f9:a0:c9:00,-86,31.470969,74.409278
38,wireless,c8:f9:f9:a0:67:10,-85,31.470969,74.409278
38,wireless,c8:f9:f9:89:8a:80,-59,31.470969,74.409278
39,LUMS-Guest,c8:f9:f9:89:8a:81,-59,31.470969,74.409278
39,wireless,c8:f9:f9:a0:6a:20,-86,31.470969,74.409278
39,wireless,c8:f9:f9:a0:c9:00,-86,31.470969,74.409278
39,wireless,c8:f9:f9:a0:67:10,-85,31.470969,74.409278
39,wireless,c8:f9:f9:89:8a:80,-59,31.470969,74.409278
40,LUMS-Guest,c8:f9:f9:a0:c9:01,-86,31.470969,74.409278
40,LUMS-Guest,c8:f9:f9:a0:67:11,-84,31.470969,74.409278
40,wireless,c8:f9:f9:a0:6a:20,-92,31.470969,74.409278
40,wireless,c8:f9:f9:a0:c9:00,-86,31.470969,74.409278
40,wireless,c8:f9:f9:89:8a:80,-66,31.470969,74.409278
40,LUMS-Guest,c8:f9:f9:89:8a:81,-69,31.470969,74.409278
40,LUMS-Guest,c8:f9:f9:a0:53:41,-96,31.470969,74.409278
40,wireless,c8:f9:f9:a0:53:40,-95,31.470969,74.409278
40,wireless,c8:f9:f9:a0:67:10,-78,31.470969,74.409278
41,LUMS-Guest,c8:f9:f9:a0:c9:01,-86,31.470969,74.409278
41,LUMS-Guest,c8:f9:f9:a0:67:11,-84,31.470969,74.409278
41,wireless,c8:f9:f9:a0:6a:20,-92,31.470969,74.409278
41,wireless,c8:f9:f9:a0:c9:00,-86,31.470969,74.409278
41,wireless,c8:f9:f9:89:8a:80,-66,31.470969,74.409278
41,LUMS-Guest,c8:f9:f9:89:8a:81,-69,31.470969,74.409278
41,LUMS-Guest,c8:f9:f9:a0:53:41,-96,31.470969,74.409278
41,wireless,c8:f9:f9:a0:53:40,-95,31.470969,74.409278
41,wireless,c8:f9:f9:a0:67:10,-78,31.470969,74.409278
,,,,,
Location no : 12,,,,,
42,LUMS-Guest,c8:f9:f9:a0:c9:01,-82,31.470909,74.4092
42,LUMS-Guest,c8:f9:f9:a0:67:11,-85,31.470909,74.4092
42,LUMS-Guest,c8:f9:f9:89:8a:81,-66,31.470909,74.4092
42,wireless,00:18:ba:b7:57:90,-91,31.470909,74.4092
42,wireless,c8:f9:f9:a0:67:10,-80,31.470909,74.4092
42,wireless,c8:f9:f9:89:8a:80,-69,31.470909,74.4092
43,LUMS-Guest,c8:f9:f9:a0:c9:01,-82,31.470909,74.4092
43,LUMS-Guest,c8:f9:f9:a0:67:11,-85,31.470909,74.4092
43,LUMS-Guest,c8:f9:f9:89:8a:81,-66,31.470909,74.4092
43,wireless,00:18:ba:b7:57:90,-91,31.470909,74.4092
43,wireless,c8:f9:f9:a0:67:10,-80,31.470909,74.4092
43,wireless,c8:f9:f9:89:8a:80,-69,31.470909,74.4092
44,LUMS-Guest,c8:f9:f9:a0:c9:01,-69,31.470909,74.4092
44,LUMS-Guest,c8:f9:f9:a0:67:11,-94,31.470909,74.4092
44,wireless,c8:f9:f9:a0:c9:00,-71,31.470909,74.4092
44,wireless,00:18:ba:b7:57:90,-95,31.470909,74.4092
44,wireless,c8:f9:f9:89:8a:80,-72,31.470909,74.4092
44,LUMS-Guest,c8:f9:f9:89:8a:81,-66,31.470909,74.4092
44,LUMS-Guest,c8:f9:f9:a0:53:41,-89,31.470909,74.4092
44,wireless,c8:f9:f9:a0:67:10,-80,31.470909,74.4092
45,LUMS-Guest,c8:f9:f9:a0:c9:01,-69,31.470909,74.4092
45,LUMS-Guest,c8:f9:f9:a0:67:11,-94,31.470909,74.4092
45,wireless,c8:f9:f9:a0:c9:00,-71,31.470909,74.4092
45,wireless,00:18:ba:b7:57:90,-95,31.470909,74.4092
45,wireless,c8:f9:f9:89:8a:80,-72,31.470909,74.4092
45,LUMS-Guest,c8:f9:f9:89:8a:81,-66,31.470909,74.4092
45,LUMS-Guest,c8:f9:f9:a0:53:41,-89,31.470909,74.4092
45,wireless,c8:f9:f9:a0:67:10,-80,31.470909,74.4092
,,,,,
Location no : 13,,,,,
46,LUMS-Guest,c8:f9:f9:a0:c9:01,-66,31.470869,74.409237
46,LUMS-Guest,c8:f9:f9:89:8a:81,-73,31.470869,74.409237
46,LUMS-Guest,c8:f9:f9:a0:53:41,-92,31.470869,74.409237
46,LUMS-Guest,00:18:ba:b7:57:91,-96,31.470869,74.409237
46,wireless,c8:f9:f9:a0:c9:00,-72,31.470869,74.409237
46,wireless,c8:f9:f9:a0:67:10,-90,31.470869,74.409237
46,wireless,c8:f9:f9:89:8a:80,-75,31.470869,74.409237
47,LUMS-Guest,c8:f9:f9:a0:c9:01,-66,31.470869,74.409237
47,LUMS-Guest,c8:f9:f9:89:8a:81,-73,31.470869,74.409237
47,LUMS-Guest,c8:f9:f9:a0:53:41,-92,31.470869,74.409237
47,LUMS-Guest,00:18:ba:b7:57:91,-96,31.470869,74.409237
47,wireless,c8:f9:f9:a0:c9:00,-72,31.470869,74.409237
47,wireless,c8:f9:f9:a0:67:10,-90,31.470869,74.409237
47,wireless,c8:f9:f9:89:8a:80,-75,31.470869,74.409237
48,LUMS-Guest,c8:f9:f9:a0:c9:01,-85,31.470869,74.409237
48,LUMS-Guest,c8:f9:f9:89:8a:81,-75,31.470869,74.409237
48,wireless,c8:f9:f9:a0:c9:00,-83,31.470869,74.409237
48,wireless,c8:f9:f9:a0:67:10,-93,31.470869,74.409237
48,wireless,c8:f9:f9:89:8a:80,-72,31.470869,74.409237
49,LUMS-Guest,c8:f9:f9:a0:c9:01,-85,31.470869,74.409237
49,LUMS-Guest,c8:f9:f9:89:8a:81,-75,31.470869,74.409237
49,wireless,c8:f9:f9:a0:c9:00,-83,31.470869,74.409237
49,wireless,c8:f9:f9:a0:67:10,-93,31.470869,74.409237
49,wireless,c8:f9:f9:89:8a:80,-72,31.470869,74.409237
,,,,,
Location no : 14,,,,,
50,LUMS-Guest,c8:f9:f9:a0:c9:01,-89,31.470917,74.409322
50,LUMS-Guest,c8:f9:f9:89:8a:81,-76,31.470917,74.409322
50,wireless,c8:f9:f9:a0:c9:00,-86,31.470917,74.409322
50,wireless,c8:f9:f9:89:8a:80,-74,31.470917,74.409322
51,LUMS-Guest,c8:f9:f9:a0:c9:01,-89,31.470917,74.409322
51,LUMS-Guest,c8:f9:f9:89:8a:81,-76,31.470917,74.409322
51,wireless,c8:f9:f9:a0:c9:00,-86,31.470917,74.409322
51,wireless,c8:f9:f9:89:8a:80,-74,31.470917,74.409322
52,LUMS-Guest,c8:f9:f9:89:8a:81,-65,31.470917,74.409322
52,wireless,c8:f9:f9:a0:67:10,-83,31.470917,74.409322
52,wireless,c8:f9:f9:89:8a:80,-66,31.470917,74.409322
53,LUMS-Guest,c8:f9:f9:89:8a:81,-65,31.470917,74.409322
53,wireless,c8:f9:f9:a0:67:10,-83,31.470917,74.409322
53,wireless,c8:f9:f9:89:8a:80,-66,31.470917,74.409322
,,,,,
Location no : 15,,,,,
54,LUMS-Guest,c8:f9:f9:89:87:41,-95,31.470979,74.409406
54,LUMS-Guest,c8:f9:f9:a0:67:11,-85,31.470979,74.409406
54,LUMS-Guest,c8:f9:f9:89:8a:81,-79,31.470979,74.409406
54,wireless,c8:f9:f9:a0:4f:e0,-93,31.470979,74.409406
54,wireless,c8:f9:f9:a0:67:10,-84,31.470979,74.409406
54,wireless,c8:f9:f9:89:8a:80,-67,31.470979,74.409406
55,LUMS-Guest,c8:f9:f9:89:87:41,-95,31.470979,74.409406
55,LUMS-Guest,c8:f9:f9:a0:67:11,-85,31.470979,74.409406
55,LUMS-Guest,c8:f9:f9:89:8a:81,-79,31.470979,74.409406
55,wireless,c8:f9:f9:a0:4f:e0,-93,31.470979,74.409406
55,wireless,c8:f9:f9:a0:67:10,-84,31.470979,74.409406
55,wireless,c8:f9:f9:89:8a:80,-67,31.470979,74.409406
56,LUMS-Guest,c8:f9:f9:a0:67:11,-87,31.470979,74.409406
56,LUMS-Guest,c8:f9:f9:89:8a:81,-68,31.470979,74.409406
56,LUMS-Guest,c8:f9:f9:a0:6a:21,-89,31.470979,74.409406
56,wireless,c8:f9:f9:a0:67:10,-92,31.470979,74.409406
56,wireless,c8:f9:f9:a0:4f:90,-90,31.470979,74.409406
56,wireless,c8:f9:f9:89:8a:80,-67,31.470979,74.409406
57,LUMS-Guest,c8:f9:f9:a0:67:11,-87,31.470979,74.409406
57,LUMS-Guest,c8:f9:f9:89:8a:81,-68,31.470979,74.409406
57,LUMS-Guest,c8:f9:f9:a0:6a:21,-89,31.470979,74.409406
57,wireless,c8:f9:f9:a0:67:10,-92,31.470979,74.409406
57,wireless,c8:f9:f9:a0:4f:90,-90,31.470979,74.409406
57,wireless,c8:f9:f9:89:8a:80,-67,31.470979,74.409406
,,,,,
Location no : 16,,,,,
58,LUMS-Guest,c8:f9:f9:89:87:41,-92,31.471031,74.409497
58,LUMS-Guest,c8:f9:f9:a0:67:11,-89,31.471031,74.409497
58,LUMS-Guest,c8:f9:f9:89:8a:81,-64,31.471031,74.409497
58,wireless,c8:f9:f9:89:87:40,-92,31.471031,74.409497
58,wireless,c8:f9:f9:a0:67:10,-90,31.471031,74.409497
58,wireless,c8:f9:f9:89:8a:80,-64,31.471031,74.409497
59,LUMS-Guest,c8:f9:f9:89:87:41,-92,31.471031,74.409497
59,LUMS-Guest,c8:f9:f9:a0:67:11,-89,31.471031,74.409497
59,LUMS-Guest,c8:f9:f9:89:8a:81,-64,31.471031,74.409497
59,wireless,c8:f9:f9:89:87:40,-92,31.471031,74.409497
59,wireless,c8:f9:f9:a0:67:10,-90,31.471031,74.409497
59,wireless,c8:f9:f9:89:8a:80,-64,31.471031,74.409497
60,LUMS-Guest,c8:f9:f9:a0:c9:01,-94,31.471031,74.409497
60,LUMS-Guest,c8:f9:f9:a0:67:11,-89,31.471031,74.409497
60,LUMS-Guest,c8:f9:f9:89:87:41,-85,31.471031,74.409497
60,LUMS-Guest,c8:f9:f9:89:8a:81,-72,31.471031,74.409497
60,wireless,c8:f9:f9:89:87:40,-84,31.471031,74.409497
60,wireless,c8:f9:f9:89:8a:80,-72,31.471031,74.409497
,,,,,
Location no : 1,,,,,
1,LUMS-Guest,c8:f9:f9:89:8a:81,-85,31.471108,74.409711
1,LUMS-Guest,c8:f9:f9:a0:c9:e1,-84,31.471108,74.409711
1,wireless,c8:f9:f9:a0:6a:20,-81,31.471108,74.409711
1,LUMS-Guest,c8:f9:f9:a0:6a:21,-82,31.471108,74.409711
1,wireless,c8:f9:f9:a0:c9:e0,-81,31.471108,74.409711
1,wireless,c8:f9:f9:89:8a:80,-86,31.471108,74.409711
2,LUMS-Guest,c8:f9:f9:89:8a:81,-85,31.471108,74.409711
2,LUMS-Guest,c8:f9:f9:a0:c9:e1,-84,31.471108,74.409711
2,wireless,c8:f9:f9:a0:6a:20,-81,31.471108,74.409711
2,LUMS-Guest,c8:f9:f9:a0:6a:21,-82,31.471108,74.409711
2,wireless,c8:f9:f9:a0:c9:e0,-81,31.471108,74.409711
2,wireless,c8:f9:f9:89:8a:80,-86,31.471108,74.409711
,,,,,
Location no : 2,,,,,
3,LUMS-Guest,c8:f9:f9:a0:c9:e1,-89,31.471056,74.409757
3,wireless,c8:f9:f9:a0:a5:30,-94,31.471056,74.409757
3,wireless,c8:f9:f9:a0:6a:20,-81,31.471056,74.409757
3,LUMS-Guest,c8:f9:f9:a0:a5:31,-94,31.471056,74.409757
3,LUMS-Guest,c8:f9:f9:a0:4f:71,-94,31.471056,74.409757
3,wireless,c8:f9:f9:89:8a:80,-85,31.471056,74.409757
3,LUMS-Guest,c8:f9:f9:89:8a:81,-93,31.471056,74.409757
3,wireless,c8:f9:f9:a0:c9:e0,-87,31.471056,74.409757
4,LUMS-Guest,c8:f9:f9:a0:c9:e1,-89,31.471056,74.409757
4,wireless,c8:f9:f9:a0:a5:30,-94,31.471056,74.409757
4,wireless,c8:f9:f9:a0:6a:20,-81,31.471056,74.409757
4,LUMS-Guest,c8:f9:f9:a0:a5:31,-94,31.471056,74.409757
4,LUMS-Guest,c8:f9:f9:a0:4f:71,-94,31.471056,74.409757
4,wireless,c8:f9:f9:89:8a:80,-85,31.471056,74.409757
4,LUMS-Guest,c8:f9:f9:89:8a:81,-93,31.471056,74.409757
4,wireless,c8:f9:f9:a0:c9:e0,-87,31.471056,74.409757
5,LUMS-Guest,c8:f9:f9:a0:c9:e1,-84,31.471056,74.409757
5,wireless,c8:f9:f9:a0:a5:30,-97,31.471056,74.409757
5,wireless,c8:f9:f9:a0:6a:20,-83,31.471056,74.409757
5,LUMS-Guest,c8:f9:f9:a0:6a:21,-83,31.471056,74.409757
5,wireless,c8:f9:f9:a0:c9:e0,-84,31.471056,74.409757
,,,,,
Location no : 3,,,,,
6,LUMS-Guest,c8:f9:f9:a0:c9:e1,-82,31.470993,74.409811
6,wireless,c8:f9:f9:a0:6a:20,-81,31.470993,74.409811
6,LUMS-Guest,c8:f9:f9:a0:6a:21,-80,31.470993,74.409811
6,wireless,c8:f9:f9:a0:c9:e0,-82,31.470993,74.409811
6,wireless,c8:f9:f9:89:8a:80,-89,31.470993,74.409811
7,LUMS-Guest,c8:f9:f9:a0:c9:e1,-82,31.470993,74.409811
7,wireless,c8:f9:f9:a0:6a:20,-81,31.470993,74.409811
7,LUMS-Guest,c8:f9:f9:a0:6a:21,-80,31.470993,74.409811
7,wireless,c8:f9:f9:a0:c9:e0,-82,31.470993,74.409811
7,wireless,c8:f9:f9:89:8a:80,-89,31.470993,74.409811
8,LUMS-Guest,c8:f9:f9:a0:c9:e1,-85,31.470993,74.409811
8,LUMS-Guest,c8:f9:f9:a0:6a:21,-78,31.470993,74.409811
8,wireless,c8:f9:f9:a0:c9:e0,-84,31.470993,74.409811
8,wireless,c8:f9:f9:a0:6a:20,-80,31.470993,74.409811
,,,,,
Location no : 4,,,,,
9,LUMS-Guest,c8:f9:f9:89:8a:81,-93,31.47094,74.409865
9,wireless,c8:f9:f9:a0:6a:20,-80,31.47094,74.409865
9,LUMS-Guest,c8:f9:f9:a0:a5:31,-93,31.47094,74.409865
9,LUMS-Guest,c8:f9:f9:a0:6a:21,-78,31.47094,74.409865
9,wireless,c8:f9:f9:a0:c9:e0,-89,31.47094,74.409865
9,wireless,c8:f9:f9:89:8a:80,-88,31.47094,74.409865
10,LUMS-Guest,c8:f9:f9:89:8a:81,-93,31.47094,74.409865
10,wireless,c8:f9:f9:a0:6a:20,-80,31.47094,74.409865
10,LUMS-Guest,c8:f9:f9:a0:a5:31,-93,31.47094,74.409865
10,LUMS-Guest,c8:f9:f9:a0:6a:21,-78,31.47094,74.409865
10,wireless,c8:f9:f9:a0:c9:e0,-89,31.47094,74.409865
10,wireless,c8:f9:f9:89:8a:80,-88,31.47094,74.409865
11,LUMS-Guest,c8:f9:f9:a0:c9:e1,-92,31.47094,74.409865
11,wireless,c8:f9:f9:a0:a5:30,-91,31.47094,74.409865
11,wireless,c8:f9:f9:a0:6a:20,-80,31.47094,74.409865
11,LUMS-Guest,c8:f9:f9:a0:6a:21,-95,31.47094,74.409865
11,wireless,c8:f9:f9:89:8a:80,-96,31.47094,74.409865
11,LUMS-Guest,c8:f9:f9:a0:6b:81,-94,31.47094,74.409865
11,wireless,c8:f9:f9:a0:4f:90,-93,31.47094,74.409865
11,wireless,c8:f9:f9:a0:c9:e0,-86,31.47094,74.409865
12,LUMS-Guest,c8:f9:f9:a0:c9:e1,-92,31.47094,74.409865
12,wireless,c8:f9:f9:a0:a5:30,-91,31.47094,74.409865
12,wireless,c8:f9:f9:a0:6a:20,-80,31.47094,74.409865
12,LUMS-Guest,c8:f9:f9:a0:6a:21,-95,31.47094,74.409865
12,wireless,c8:f9:f9:89:8a:80,-96,31.47094,74.409865
12,LUMS-Guest,c8:f9:f9:a0:6b:81,-94,31.47094,74.409865
12,wireless,c8:f9:f9:a0:4f:90,-93,31.47094,74.409865
12,wireless,c8:f9:f9:a0:c9:e0,-86,31.47094,74.409865
,,,,,
Location no : 5,,,,,
13,LUMS-Guest,c8:f9:f9:89:87:41,-96,31.470869,74.409823
13,LUMS-Guest,c8:f9:f9:a0:c9:e1,-88,31.470869,74.409823
13,wireless,c8:f9:f9:a0:6a:20,-80,31.470869,74.409823
13,LUMS-Guest,c8:f9:f9:a0:6b:81,-91,31.470869,74.409823
13,LUMS-Guest,c8:f9:f9:a0:6a:21,-91,31.470869,74.409823
13,wireless,c8:f9:f9:a0:6b:80,-91,31.470869,74.409823
13,wireless,c8:f9:f9:a0:c9:e0,-88,31.470869,74.409823
14,LUMS-Guest,c8:f9:f9:89:87:41,-96,31.470869,74.409823
14,LUMS-Guest,c8:f9:f9:a0:c9:e1,-88,31.470869,74.409823
14,wireless,c8:f9:f9:a0:6a:20,-80,31.470869,74.409823
14,LUMS-Guest,c8:f9:f9:a0:6b:81,-91,31.470869,74.409823
14,LUMS-Guest,c8:f9:f9:a0:6a:21,-91,31.470869,74.409823
14,wireless,c8:f9:f9:a0:6b:80,-91,31.470869,74.409823
14,wireless,c8:f9:f9:a0:c9:e0,-88,31.470869,74.409823
15,LUMS-Guest,c8:f9:f9:a0:c9:e1,-93,31.470869,74.409823
15,LUMS-Guest,c8:f9:f9:89:8a:81,-91,31.470869,74.409823
15,wireless,c8:f9:f9:a0:a5:30,-94,31.470869,74.409823
15,wireless,c8:f9:f9:a0:6a:20,-80,31.470869,74.409823
15,wireless,c8:f9:f9:a0:c9:e0,-83,31.470869,74.409823
15,Omer,22:02:c3:05:2d:6e,-89,31.470869,74.409823
15,wireless,c8:f9:f9:89:8a:80,-86,31.470869,74.409823
16,LUMS-Guest,c8:f9:f9:a0:c9:e1,-93,31.470869,74.409823
16,LUMS-Guest,c8:f9:f9:89:8a:81,-91,31.470869,74.409823
16,wireless,c8:f9:f9:a0:a5:30,-94,31.470869,74.409823
16,wireless,c8:f9:f9:a0:6a:20,-80,31.470869,74.409823
16,wireless,c8:f9:f9:a0:c9:e0,-83,31.470869,74.409823
16,Omer,22:02:c3:05:2d:6e,-89,31.470869,74.409823
16,wireless,c8:f9:f9:89:8a:80,-86,31.470869,74.409823
,,,,,
Location no : 6,,,,,
17,LUMS-Guest,c8:f9:f9:a0:c9:e1,-90,31.470937,74.409764
17,wireless,c8:f9:f9:a0:6a:20,-80,31.470937,74.409764
17,LUMS-Guest,c8:f9:f9:a0:a5:31,-97,31.470937,74.409764
17,LUMS-Guest,c8:f9:f9:a0:4f:71,-97,31.470937,74.409764
17,LUMS-Guest,c8:f9:f9:89:87:41,-97,31.470937,74.409764
17,LUMS-Guest,c8:f9:f9:89:8a:81,-86,31.470937,74.409764
17,wireless,c8:f9:f9:a0:6b:80,-98,31.470937,74.409764
17,wireless,c8:f9:f9:a0:c9:e0,-83,31.470937,74.409764
17,Omer,22:02:c3:05:2d:6e,-92,31.470937,74.409764
18,LUMS-Guest,c8:f9:f9:a0:c9:e1,-90,31.470937,74.409764
18,wireless,c8:f9:f9:a0:6a:20,-80,31.470937,74.409764
18,LUMS-Guest,c8:f9:f9:a0:a5:31,-97,31.470937,74.409764
18,LUMS-Guest,c8:f9:f9:a0:4f:71,-97,31.470937,74.409764
18,LUMS-Guest,c8:f9:f9:89:87:41,-97,31.470937,74.409764
18,LUMS-Guest,c8:f9:f9:89:8a:81,-86,31.470937,74.409764
18,wireless,c8:f9:f9:a0:6b:80,-98,31.470937,74.409764
18,wireless,c8:f9:f9:a0:c9:e0,-83,31.470937,74.409764
18,Omer,22:02:c3:05:2d:6e,-92,31.470937,74.409764
19,LUMS-Guest,c8:f9:f9:89:8a:81,-92,31.470937,74.409764
19,wireless,c8:f9:f9:a0:6a:20,-79,31.470937,74.409764
19,LUMS-Guest,c8:f9:f9:a0:6a:21,-78,31.470937,74.409764
19,wireless,c8:f9:f9:a0:4f:90,-95,31.470937,74.409764
19,wireless,c8:f9:f9:a0:c9:e0,-93,31.470937,74.409764
19,Omer,22:02:c3:05:2d:6e,-84,31.470937,74.409764
19,wireless,c8:f9:f9:89:8a:80,-94,31.470937,74.409764
20,LUMS-Guest,c8:f9:f9:89:8a:81,-92,31.470937,74.409764
20,wireless,c8:f9:f9:a0:6a:20,-79,31.470937,74.409764
20,LUMS-Guest,c8:f9:f9:a0:6a:21,-78,31.470937,74.409764
20,wireless,c8:f9:f9:a0:4f:90,-95,31.470937,74.409764
20,wireless,c8:f9:f9:a0:c9:e0,-93,31.470937,74.409764
20,Omer,22:02:c3:05:2d:6e,-84,31.470937,74.409764
20,wireless,c8:f9:f9:89:8a:80,-94,31.470937,74.409764
,,,,,
Location no : 7,,,,,
21,LUMS-Guest,c8:f9:f9:89:87:41,-96,31.471016,74.409695
21,LUMS-Guest,c8:f9:f9:a0:c9:e1,-91,31.471016,74.409695
21,LUMS-Guest,c8:f9:f9:89:8a:81,-85,31.471016,74.409695
21,wireless,c8:f9:f9:a0:6a:20,-79,31.471016,74.409695
21,LUMS-Guest,c8:f9:f9:a0:6a:21,-77,31.471016,74.409695
21,Omer,22:02:c3:05:2d:6e,-78,31.471016,74.409695
21,wireless,c8:f9:f9:89:8a:80,-94,31.471016,74.409695
22,LUMS-Guest,c8:f9:f9:89:87:41,-96,31.471016,74.409695
22,LUMS-Guest,c8:f9:f9:a0:c9:e1,-91,31.471016,74.409695
22,LUMS-Guest,c8:f9:f9:89:8a:81,-85,31.471016,74.409695
22,wireless,c8:f9:f9:a0:6a:20,-79,31.471016,74.409695
22,LUMS-Guest,c8:f9:f9:a0:6a:21,-77,31.471016,74.409695
22,Omer,22:02:c3:05:2d:6e,-78,31.471016,74.409695
22,wireless,c8:f9:f9:89:8a:80,-94,31.471016,74.409695
23,LUMS-Guest,c8:f9:f9:a0:4f:91,-89,31.471016,74.409695
23,wireless,c8:f9:f9:a0:6a:20,-79,31.471016,74.409695
23,LUMS-Guest,c8:f9:f9:a0:6a:21,-91,31.471016,74.409695
23,wireless,c8:f9:f9:89:8a:80,-89,31.471016,74.409695
23,LUMS-Guest,c8:f9:f9:89:87:41,-94,31.471016,74.409695
23,LUMS-Guest,c8:f9:f9:89:8a:81,-93,31.471016,74.409695
23,wireless,c8:f9:f9:a0:67:10,-93,31.471016,74.409695
23,Omer,22:02:c3:05:2d:6e,-60,31.471016,74.409695
24,LUMS-Guest,c8:f9:f9:a0:4f:91,-89,31.471016,74.409695
24,wireless,c8:f9:f9:a0:6a:20,-79,31.471016,74.409695
24,LUMS-Guest,c8:f9:f9:a0:6a:21,-91,31.471016,74.409695
24,wireless,c8:f9:f9:89:8a:80,-89,31.471016,74.409695
24,LUMS-Guest,c8:f9:f9:89:87:41,-94,31.471016,74.409695
24,LUMS-Guest,c8:f9:f9:89:8a:81,-93,31.471016,74.409695
24,wireless,c8:f9:f9:a0:67:10,-93,31.471016,74.409695
24,Omer,22:02:c3:05:2d:6e,-60,31.471016,74.409695
,,,,,
Location no : 8,,,,,
25,LUMS-Guest,c8:f9:f9:89:8a:81,-89,31.471089,31.471089
25,wireless,c8:f9:f9:a0:6a:20,-87,31.471089,31.471089
25,LUMS-Guest,c8:f9:f9:a0:6a:21,-89,31.471089,31.471089
25,Omer,22:02:c3:05:2d:6e,-62,31.471089,31.471089
25,wireless,c8:f9:f9:89:8a:80,-94,31.471089,31.471089
26,LUMS-Guest,c8:f9:f9:89:8a:81,-89,31.471089,31.471089
26,wireless,c8:f9:f9:a0:6a:20,-87,31.471089,31.471089
26,LUMS-Guest,c8:f9:f9:a0:6a:21,-89,31.471089,31.471089
26,Omer,22:02:c3:05:2d:6e,-62,31.471089,31.471089
26,wireless,c8:f9:f9:89:8a:80,-94,31.471089,31.471089
27,LUMS-Guest,c8:f9:f9:89:87:41,-94,31.471089,31.471089
27,LUMS-Guest,c8:f9:f9:a0:c9:e1,-90,31.471089,31.471089
27,wireless,c8:f9:f9:a0:6a:20,-87,31.471089,31.471089
27,LUMS-Guest,c8:f9:f9:a0:6a:21,-90,31.471089,31.471089
27,Omer,22:02:c3:05:2d:6e,-91,31.471089,31.471089
,,,,,
Location no : 9,,,,,
28,LUMS-Guest,c8:f9:f9:a0:c9:e1,-92,31.471068,74.409583
28,LUMS-Guest,c8:f9:f9:a0:4f:91,-92,31.471068,74.409583
28,wireless,c8:f9:f9:a0:6a:20,-87,31.471068,74.409583
28,LUMS-Guest,c8:f9:f9:a0:6a:21,-83,31.471068,74.409583
28,wireless,c8:f9:f9:a0:c9:e0,-91,31.471068,74.409583
28,wireless,c8:f9:f9:a0:4f:90,-89,31.471068,74.409583
28,Omer,22:02:c3:05:2d:6e,-96,31.471068,74.409583
29,LUMS-Guest,c8:f9:f9:a0:c9:e1,-92,31.471068,74.409583
29,LUMS-Guest,c8:f9:f9:a0:4f:91,-92,31.471068,74.409583
29,wireless,c8:f9:f9:a0:6a:20,-87,31.471068,74.409583
29,LUMS-Guest,c8:f9:f9:a0:6a:21,-83,31.471068,74.409583
29,wireless,c8:f9:f9:a0:c9:e0,-91,31.471068,74.409583
29,wireless,c8:f9:f9:a0:4f:90,-89,31.471068,74.409583
29,Omer,22:02:c3:05:2d:6e,-96,31.471068,74.409583
30,LUMS-Guest,c8:f9:f9:89:87:41,-92,31.471068,74.409583
30,LUMS-Guest,c8:f9:f9:a0:c9:e1,-90,31.471068,74.409583
30,wireless,c8:f9:f9:a0:6a:20,-82,31.471068,74.409583
30,LUMS-Guest,c8:f9:f9:a0:6a:21,-83,31.471068,74.409583
30,wireless,c8:f9:f9:89:87:40,-91,31.471068,74.409583
30,wireless,c8:f9:f9:a0:c9:e0,-89,31.471068,74.409583
30,Omer,22:02:c3:05:2d:6e,-98,31.471068,74.409583
,,,,,
Location no : 10,,,,,
31,LUMS-Guest,c8:f9:f9:a0:c9:e1,-89,31.47099,74.40965
31,wireless,c8:f9:f9:a0:6a:20,-81,31.47099,74.40965
31,LUMS-Guest,c8:f9:f9:a0:6a:21,-84,31.47099,74.40965
31,wireless,c8:f9:f9:89:87:40,-91,31.47099,74.40965
31,wireless,c8:f9:f9:a0:4f:90,-87,31.47099,74.40965
31,Omer,22:02:c3:05:2d:6e,-94,31.47099,74.40965
32,LUMS-Guest,c8:f9:f9:a0:c9:e1,-89,31.47099,74.40965
32,wireless,c8:f9:f9:a0:6a:20,-81,31.47099,74.40965
32,LUMS-Guest,c8:f9:f9:a0:6a:21,-84,31.47099,74.40965
32,wireless,c8:f9:f9:89:87:40,-91,31.47099,74.40965
32,wireless,c8:f9:f9:a0:4f:90,-87,31.47099,74.40965
32,Omer,22:02:c3:05:2d:6e,-94,31.47099,74.40965
33,LUMS-Guest,c8:f9:f9:a0:c9:e1,-83,31.47099,74.40965
33,wireless,c8:f9:f9:a0:6a:20,-81,31.47099,74.40965
33,LUMS-Guest,c8:f9:f9:a0:6a:21,-91,31.47099,74.40965
33,wireless,c8:f9:f9:a0:c9:e0,-89,31.47099,74.40965
33,Omer,22:02:c3:05:2d:6e,-89,31.47099,74.40965
33,wireless,c8:f9:f9:89:8a:80,-89,31.47099,74.40965
34,LUMS-Guest,c8:f9:f9:a0:c9:e1,-83,31.47099,74.40965
34,wireless,c8:f9:f9:a0:6a:20,-81,31.47099,74.40965
34,LUMS-Guest,c8:f9:f9:a0:6a:21,-91,31.47099,74.40965
34,wireless,c8:f9:f9:a0:c9:e0,-89,31.47099,74.40965
34,Omer,22:02:c3:05:2d:6e,-89,31.47099,74.40965
34,wireless,c8:f9:f9:89:8a:80,-89,31.47099,74.40965
,,,,,
Location no : 11,,,,,
35,LUMS-Guest,c8:f9:f9:89:8a:81,-88,31.470915,74.40971
35,wireless,c8:f9:f9:a0:6a:20,-91,31.470915,74.40971
35,LUMS-Guest,c8:f9:f9:a0:a5:31,-94,31.470915,74.40971
35,LUMS-Guest,c8:f9:f9:a0:6a:21,-87,31.470915,74.40971
35,wireless,c8:f9:f9:a0:c9:e0,-88,31.470915,74.40971
35,Omer,22:02:c3:05:2d:6e,-91,31.470915,74.40971
35,LUMS-Guest,c8:f9:f9:a0:4f:71,-92,31.470915,74.40971
36,LUMS-Guest,c8:f9:f9:89:8a:81,-88,31.470915,74.40971
36,wireless,c8:f9:f9:a0:6a:20,-91,31.470915,74.40971
36,LUMS-Guest,c8:f9:f9:a0:a5:31,-94,31.470915,74.40971
36,LUMS-Guest,c8:f9:f9:a0:6a:21,-87,31.470915,74.40971
36,wireless,c8:f9:f9:a0:c9:e0,-88,31.470915,74.40971
36,Omer,22:02:c3:05:2d:6e,-91,31.470915,74.40971
36,LUMS-Guest,c8:f9:f9:a0:4f:71,-92,31.470915,74.40971
37,LUMS-Guest,c8:f9:f9:a0:c9:e1,-76,31.470915,74.40971
37,LUMS-Guest,c8:f9:f9:a0:6a:21,-80,31.470915,74.40971
37,wireless,c8:f9:f9:a0:6a:20,-89,31.470915,74.40971
37,wireless,c8:f9:f9:a0:c9:e0,-80,31.470915,74.40971
38,LUMS-Guest,c8:f9:f9:a0:c9:e1,-76,31.470915,74.40971
38,LUMS-Guest,c8:f9:f9:a0:6a:21,-80,31.470915,74.40971
38,wireless,c8:f9:f9:a0:6a:20,-89,31.470915,74.40971
38,wireless,c8:f9:f9:a0:c9:e0,-80,31.470915,74.40971
,,,,,
Location no : 12,,,,,
39,LUMS-Guest,c8:f9:f9:a0:c9:e1,-76,31.470843,74.40977
39,wireless,c8:f9:f9:a0:6a:20,-91,31.470843,74.40977
39,LUMS-Guest,c8:f9:f9:a0:a5:31,-93,31.470843,74.40977
39,LUMS-Guest,c8:f9:f9:a0:6a:21,-93,31.470843,74.40977
39,wireless,c8:f9:f9:a0:c9:e0,-76,31.470843,74.40977
40,LUMS-Guest,c8:f9:f9:a0:c9:e1,-76,31.470843,74.40977
40,wireless,c8:f9:f9:a0:6a:20,-91,31.470843,74.40977
40,LUMS-Guest,c8:f9:f9:a0:a5:31,-93,31.470843,74.40977
40,LUMS-Guest,c8:f9:f9:a0:6a:21,-93,31.470843,74.40977
40,wireless,c8:f9:f9:a0:c9:e0,-76,31.470843,74.40977
41,LUMS-Guest,c8:f9:f9:a0:c9:e1,-82,31.470843,74.40977
41,wireless,c8:f9:f9:a0:6a:20,-89,31.470843,74.40977
41,LUMS-Guest,c8:f9:f9:a0:a5:31,-94,31.470843,74.40977
41,LUMS-Guest,c8:f9:f9:a0:6a:21,-92,31.470843,74.40977
41,wireless,c8:f9:f9:a0:c9:e0,-75,31.470843,74.40977
,,,,,
Location no : 13,,,,,
42,LUMS-Guest,c8:f9:f9:a0:a5:31,-94,31.47081,74.409726
42,LUMS-Guest,c8:f9:f9:a0:c9:e1,-74,31.47081,74.409726
42,wireless,c8:f9:f9:a0:6a:20,-89,31.47081,74.409726
42,wireless,c8:f9:f9:a0:c9:e0,-72,31.47081,74.409726
43,LUMS-Guest,c8:f9:f9:a0:a5:31,-94,31.47081,74.409726
43,LUMS-Guest,c8:f9:f9:a0:c9:e1,-74,31.47081,74.409726
43,wireless,c8:f9:f9:a0:6a:20,-89,31.47081,74.409726
43,wireless,c8:f9:f9:a0:c9:e0,-72,31.47081,74.409726
44,LUMS-Guest,c8:f9:f9:a0:c9:e1,-79,31.47081,74.409726
44,LUMS-Guest,c8:f9:f9:a0:6a:21,-91,31.47081,74.409726
44,wireless,c8:f9:f9:a0:6a:20,-89,31.47081,74.409726
44,wireless,c8:f9:f9:a0:c9:e0,-82,31.47081,74.409726
45,LUMS-Guest,c8:f9:f9:a0:c9:e1,-79,31.47081,74.409726
45,LUMS-Guest,c8:f9:f9:a0:6a:21,-91,31.47081,74.409726
45,wireless,c8:f9:f9:a0:6a:20,-89,31.47081,74.409726
45,wireless,c8:f9:f9:a0:c9:e0,-82,31.47081,74.409726
,,,,,
Location no : 14,,,,,
46,LUMS-Guest,c8:f9:f9:89:8a:81,-95,31.470879,74.409664
46,LUMS-Guest,c8:f9:f9:a0:c9:e1,-77,31.470879,74.409664
46,wireless,c8:f9:f9:a0:c9:e0,-88,31.470879,74.409664
46,wireless,c8:f9:f9:a0:6a:20,-87,31.470879,74.409664
47,LUMS-Guest,c8:f9:f9:89:8a:81,-95,31.470879,74.409664
47,LUMS-Guest,c8:f9:f9:a0:c9:e1,-77,31.470879,74.409664
47,wireless,c8:f9:f9:a0:c9:e0,-88,31.470879,74.409664
47,wireless,c8:f9:f9:a0:6a:20,-87,31.470879,74.409664
48,LUMS-Guest,c8:f9:f9:89:8a:81,-88,31.470879,74.409664
48,LUMS-Guest,c8:f9:f9:a0:c9:e1,-82,31.470879,74.409664
48,wireless,c8:f9:f9:a0:6a:20,-90,31.470879,74.409664
48,wireless,c8:f9:f9:a0:c9:e0,-87,31.470879,74.409664
48,wireless,c8:f9:f9:89:8a:80,-88,31.470879,74.409664
49,LUMS-Guest,c8:f9:f9:89:8a:81,-88,31.470879,74.409664
49,LUMS-Guest,c8:f9:f9:a0:c9:e1,-82,31.470879,74.409664
49,wireless,c8:f9:f9:a0:6a:20,-90,31.470879,74.409664
49,wireless,c8:f9:f9:a0:c9:e0,-87,31.470879,74.409664
49,wireless,c8:f9:f9:89:8a:80,-88,31.470879,74.409664
,,,,,
Location no : 15,,,,,
50,LUMS-Guest,c8:f9:f9:89:8a:81,-88,31.47097,74.409595
50,LUMS-Guest,c8:f9:f9:a0:c9:e1,-82,31.47097,74.409595
50,LUMS-Guest,c8:f9:f9:a0:6a:21,-92,31.47097,74.409595
50,wireless,c8:f9:f9:a0:c9:e0,-82,31.47097,74.409595
51,LUMS-Guest,c8:f9:f9:89:8a:81,-88,31.47097,74.409595
51,LUMS-Guest,c8:f9:f9:a0:c9:e1,-82,31.47097,74.409595
51,LUMS-Guest,c8:f9:f9:a0:6a:21,-92,31.47097,74.409595
51,wireless,c8:f9:f9:a0:c9:e0,-82,31.47097,74.409595
52,LUMS-Guest,c8:f9:f9:89:8a:81,-82,31.47097,74.409595
52,LUMS-Guest,c8:f9:f9:a0:4f:91,-87,31.47097,74.409595
52,wireless,c8:f9:f9:a0:6a:20,-92,31.47097,74.409595
52,wireless,c8:f9:f9:a0:4f:90,-87,31.47097,74.409595
52,wireless,c8:f9:f9:a0:c9:e0,-82,31.47097,74.409595
52,wireless,c8:f9:f9:89:8a:80,-76,31.47097,74.409595
53,LUMS-Guest,c8:f9:f9:89:8a:81,-82,31.47097,74.409595
53,LUMS-Guest,c8:f9:f9:a0:4f:91,-87,31.47097,74.409595
53,wireless,c8:f9:f9:a0:6a:20,-92,31.47097,74.409595
53,wireless,c8:f9:f9:a0:4f:90,-87,31.47097,74.409595
53,wireless,c8:f9:f9:a0:c9:e0,-82,31.47097,74.409595
53,wireless,c8:f9:f9:89:8a:80,-76,31.47097,74.409595
,,,,,
Location no : 16,,,,,
54,LUMS-Guest,c8:f9:f9:89:87:41,-92,31.47103,74.40953
54,LUMS-Guest,c8:f9:f9:89:8a:81,-78,31.47103,74.40953
54,LUMS-Guest,c8:f9:f9:a0:4f:91,-85,31.47103,74.40953
54,LUMS-Guest,c8:f9:f9:a0:6a:21,-91,31.47103,74.40953
54,wireless,c8:f9:f9:a0:4f:90,-85,31.47103,74.40953
54,wireless,c8:f9:f9:a0:c9:e0,-82,31.47103,74.40953
54,wireless,c8:f9:f9:89:8a:80,-82,31.47103,74.40953
55,LUMS-Guest,c8:f9:f9:89:87:41,-92,31.47103,74.40953
55,LUMS-Guest,c8:f9:f9:89:8a:81,-78,31.47103,74.40953
55,LUMS-Guest,c8:f9:f9:a0:4f:91,-85,31.47103,74.40953
55,LUMS-Guest,c8:f9:f9:a0:6a:21,-91,31.47103,74.40953
55,wireless,c8:f9:f9:a0:4f:90,-85,31.47103,74.40953
55,wireless,c8:f9:f9:a0:c9:e0,-82,31.47103,74.40953
55,wireless,c8:f9:f9:89:8a:80,-82,31.47103,74.40953
,,,,,
Location no : 1,,,,,
1,LUMS-Guest,c8:f9:f9:a0:c9:01,-90,31.470471,74.409574
1,wireless,c8:f9:f9:a0:c9:00,-91,31.470471,74.409574
1,wireless,c8:f9:f9:89:84:70,-77,31.470471,74.409574
1,wireless,c8:f9:f9:89:8a:80,-94,31.470471,74.409574
2,LUMS-Guest,c8:f9:f9:a0:c9:01,-90,31.470471,74.409574
2,wireless,c8:f9:f9:a0:c9:00,-91,31.470471,74.409574
2,wireless,c8:f9:f9:89:84:70,-77,31.470471,74.409574
2,wireless,c8:f9:f9:89:8a:80,-94,31.470471,74.409574
3,wireless,c8:f9:f9:a0:6a:20,-63,31.470471,74.409574
3,LUMS-Guest,c8:f9:f9:a0:ba:c1,-90,31.470471,74.409574
3,LUMS-Guest,c8:f9:f9:89:84:71,-84,31.470471,74.409574
3,LUMS-Guest,c8:f9:f9:a0:6a:21,-63,31.470471,74.409574
3,wireless,c8:f9:f9:a0:ba:c0,-85,31.470471,74.409574
3,wireless,c8:f9:f9:a0:c4:40,-73,31.470471,74.409574
3,LUMS-Guest,c8:f9:f9:a0:c4:41,-73,31.470471,74.409574
3,wireless,c8:f9:f9:a0:4f:90,-96,31.470471,74.409574
3,wireless,c8:f9:f9:a0:c9:e0,-86,31.470471,74.409574
3,wireless,c8:f9:f9:89:84:70,-84,31.470471,74.409574
4,wireless,c8:f9:f9:a0:6a:20,-63,31.470471,74.409574
4,LUMS-Guest,c8:f9:f9:89:84:71,-83,31.470471,74.409574
4,LUMS-Guest,c8:f9:f9:a0:ba:c1,-90,31.470471,74.409574
4,LUMS-Guest,c8:f9:f9:a0:6a:21,-62,31.470471,74.409574
4,wireless,c8:f9:f9:a0:ba:c0,-88,31.470471,74.409574
4,wireless,c8:f9:f9:a0:c4:40,-77,31.470471,74.409574
4,LUMS-Guest,c8:f9:f9:a0:c4:41,-73,31.470471,74.409574
4,wireless,c8:f9:f9:a0:c9:e0,-86,31.470471,74.409574
4,wireless,c8:f9:f9:a0:4f:90,-96,31.470471,74.409574
4,wireless,c8:f9:f9:89:84:70,-84,31.470471,74.409574
,,,,,
Location no : 2,,,,,
5,wireless,c8:f9:f9:a0:6a:20,-62,31.470532,74.409659
5,wireless,c8:f9:f9:a0:c4:40,-74,31.470532,74.409659
5,LUMS-Guest,c8:f9:f9:a0:ba:c1,-89,31.470532,74.409659
5,LUMS-Guest,c8:f9:f9:89:84:71,-83,31.470532,74.409659
5,LUMS-Guest,c8:f9:f9:a0:c4:41,-73,31.470532,74.409659
5,LUMS-Guest,c8:f9:f9:a0:6a:21,-63,31.470532,74.409659
5,wireless,c8:f9:f9:a0:ba:c0,-87,31.470532,74.409659
6,wireless,c8:f9:f9:a0:6a:20,-62,31.470532,74.409659
6,wireless,c8:f9:f9:a0:c4:40,-74,31.470532,74.409659
6,LUMS-Guest,c8:f9:f9:a0:ba:c1,-89,31.470532,74.409659
6,LUMS-Guest,c8:f9:f9:89:84:71,-83,31.470532,74.409659
6,LUMS-Guest,c8:f9:f9:a0:c4:41,-73,31.470532,74.409659
6,LUMS-Guest,c8:f9:f9:a0:6a:21,-63,31.470532,74.409659
6,wireless,c8:f9:f9:a0:ba:c0,-87,31.470532,74.409659
7,wireless,c8:f9:f9:a0:6a:20,-60,31.470532,74.409659
7,wireless,c8:f9:f9:a0:c4:40,-87,31.470532,74.409659
7,LUMS-Guest,c8:f9:f9:89:84:71,-82,31.470532,74.409659
7,LUMS-Guest,c8:f9:f9:a0:c4:41,-80,31.470532,74.409659
7,LUMS-Guest,c8:f9:f9:a0:6a:21,-59,31.470532,74.409659
7,wireless,c8:f9:f9:89:84:70,-86,31.470532,74.409659
,,,,,
Location no : 3,,,,,
8,wireless,c8:f9:f9:a0:6a:20,-61,31.470594,74.409762
8,wireless,c8:f9:f9:a0:c4:40,-78,31.470594,74.409762
8,LUMS-Guest,c8:f9:f9:89:84:71,-83,31.470594,74.409762
8,LUMS-Guest,c8:f9:f9:a0:c4:41,-77,31.470594,74.409762
8,LUMS-Guest,c8:f9:f9:a0:6a:21,-60,31.470594,74.409762
8,wireless,c8:f9:f9:89:84:70,-85,31.470594,74.409762
9,wireless,c8:f9:f9:a0:6a:20,-61,31.470594,74.409762
9,wireless,c8:f9:f9:a0:c4:40,-78,31.470594,74.409762
9,LUMS-Guest,c8:f9:f9:89:84:71,-83,31.470594,74.409762
9,LUMS-Guest,c8:f9:f9:a0:c4:41,-77,31.470594,74.409762
9,LUMS-Guest,c8:f9:f9:a0:6a:21,-60,31.470594,74.409762
9,wireless,c8:f9:f9:89:84:70,-85,31.470594,74.409762
10,LUMS-Guest,c8:f9:f9:89:8a:81,-83,31.470594,74.409762
10,wireless,c8:f9:f9:a0:6a:20,-71,31.470594,74.409762
10,LUMS-Guest,c8:f9:f9:89:84:71,-86,31.470594,74.409762
10,LUMS-Guest,c8:f9:f9:a0:6a:21,-64,31.470594,74.409762
10,wireless,c8:f9:f9:a0:c9:e0,-93,31.470594,74.409762
10,wireless,c8:f9:f9:89:8a:80,-83,31.470594,74.409762
11,LUMS-Guest,c8:f9:f9:89:8a:81,-83,31.470594,74.409762
11,wireless,c8:f9:f9:a0:6a:20,-71,31.470594,74.409762
11,LUMS-Guest,c8:f9:f9:89:84:71,-86,31.470594,74.409762
11,LUMS-Guest,c8:f9:f9:a0:6a:21,-64,31.470594,74.409762
11,wireless,c8:f9:f9:a0:c9:e0,-93,31.470594,74.409762
11,wireless,c8:f9:f9:89:8a:80,-83,31.470594,74.409762
,,,,,
Location no : 4,,,,,
12,LUMS-Guest,c8:f9:f9:a0:c9:e1,-95,31.470642,74.409831
12,wireless,c8:f9:f9:a0:6a:20,-70,31.470642,74.409831
12,LUMS-Guest,c8:f9:f9:89:84:71,-92,31.470642,74.409831
12,LUMS-Guest,c8:f9:f9:a0:6a:21,-72,31.470642,74.409831
12,LUMS-Guest,c8:f9:f9:89:8a:81,-83,31.470642,74.409831
12,wireless,c8:f9:f9:89:9e:c0,-95,31.470642,74.409831
12,wireless,c8:f9:f9:a0:c4:40,-90,31.470642,74.409831
12,LUMS-Guest,c8:f9:f9:a0:c4:41,-90,31.470642,74.409831
13,LUMS-Guest,c8:f9:f9:a0:c9:e1,-95,31.470642,74.409831
13,wireless,c8:f9:f9:a0:6a:20,-70,31.470642,74.409831
13,LUMS-Guest,c8:f9:f9:89:84:71,-92,31.470642,74.409831
13,LUMS-Guest,c8:f9:f9:a0:6a:21,-72,31.470642,74.409831
13,LUMS-Guest,c8:f9:f9:89:8a:81,-83,31.470642,74.409831
13,wireless,c8:f9:f9:89:9e:c0,-95,31.470642,74.409831
13,wireless,c8:f9:f9:a0:c4:40,-90,31.470642,74.409831
13,LUMS-Guest,c8:f9:f9:a0:c4:41,-90,31.470642,74.409831
14,wireless,c8:f9:f9:a0:6a:20,-77,31.470642,74.409831
14,LUMS-Guest,c8:f9:f9:89:84:71,-94,31.470642,74.409831
14,LUMS-Guest,c8:f9:f9:a0:6a:21,-76,31.470642,74.409831
14,wireless,c8:f9:f9:89:9e:c0,-80,31.470642,74.409831
14,LUMS-Guest,c8:f9:f9:89:9e:c1,-80,31.470642,74.409831
14,wireless,c8:f9:f9:a0:c4:40,-83,31.470642,74.409831
14,LUMS-Guest,c8:f9:f9:a0:c4:41,-89,31.470642,74.409831
14,wireless,c8:f9:f9:89:84:70,-87,31.470642,74.409831
,,,,,
Location no : 5,,,,,
15,wireless,c8:f9:f9:a0:6a:20,-75,31.470685,74.409803
15,LUMS-Guest,c8:f9:f9:89:84:71,-94,31.470685,74.409803
15,LUMS-Guest,c8:f9:f9:a0:6a:21,-79,31.470685,74.409803
15,wireless,c8:f9:f9:89:9e:c0,-80,31.470685,74.409803
15,LUMS-Guest,c8:f9:f9:89:9e:c1,-81,31.470685,74.409803
15,wireless,c8:f9:f9:a0:c4:40,-82,31.470685,74.409803
15,LUMS-Guest,c8:f9:f9:a0:c4:41,-83,31.470685,74.409803
15,wireless,c8:f9:f9:89:84:70,-89,31.470685,74.409803
16,wireless,c8:f9:f9:a0:6a:20,-75,31.470685,74.409803
16,LUMS-Guest,c8:f9:f9:89:84:71,-94,31.470685,74.409803
16,LUMS-Guest,c8:f9:f9:a0:6a:21,-79,31.470685,74.409803
16,wireless,c8:f9:f9:89:9e:c0,-80,31.470685,74.409803
16,LUMS-Guest,c8:f9:f9:89:9e:c1,-81,31.470685,74.409803
16,wireless,c8:f9:f9:a0:c4:40,-82,31.470685,74.409803
16,LUMS-Guest,c8:f9:f9:a0:c4:41,-83,31.470685,74.409803
16,wireless,c8:f9:f9:89:84:70,-89,31.470685,74.409803
17,wireless,c8:f9:f9:a0:6a:20,-68,31.470685,74.409803
17,wireless,c8:f9:f9:a0:c4:40,-89,31.470685,74.409803
17,LUMS-Guest,c8:f9:f9:89:84:71,-92,31.470685,74.409803
17,LUMS-Guest,c8:f9:f9:a0:c4:41,-87,31.470685,74.409803
17,LUMS-Guest,c8:f9:f9:a0:6a:21,-76,31.470685,74.409803
17,wireless,c8:f9:f9:89:84:70,-88,31.470685,74.409803
,,,,,
Location no : 6,,,,,
18,LUMS-Guest,c8:f9:f9:a0:c9:e1,-93,31.470634,74.409727
18,wireless,c8:f9:f9:a0:6a:20,-68,31.470634,74.409727
18,LUMS-Guest,c8:f9:f9:89:84:71,-93,31.470634,74.409727
18,wireless,c8:f9:f9:a0:51:20,-97,31.470634,74.409727
18,LUMS-Guest,c8:f9:f9:a0:6a:21,-75,31.470634,74.409727
18,LUMS-Guest,c8:f9:f9:89:9e:c1,-94,31.470634,74.409727
18,wireless,c8:f9:f9:a0:c4:40,-88,31.470634,74.409727
18,wireless,c8:f9:f9:89:84:70,-94,31.470634,74.409727
19,LUMS-Guest,c8:f9:f9:a0:c9:e1,-93,31.470634,74.409727
19,wireless,c8:f9:f9:a0:6a:20,-68,31.470634,74.409727
19,LUMS-Guest,c8:f9:f9:89:84:71,-93,31.470634,74.409727
19,wireless,c8:f9:f9:a0:51:20,-97,31.470634,74.409727
19,LUMS-Guest,c8:f9:f9:a0:6a:21,-75,31.470634,74.409727
19,LUMS-Guest,c8:f9:f9:89:9e:c1,-94,31.470634,74.409727
19,wireless,c8:f9:f9:a0:c4:40,-88,31.470634,74.409727
19,wireless,c8:f9:f9:89:84:70,-94,31.470634,74.409727
20,wireless,c8:f9:f9:a0:6a:20,-58,31.470634,74.409727
20,wireless,c8:f9:f9:a0:c4:40,-83,31.470634,74.409727
20,LUMS-Guest,c8:f9:f9:89:84:71,-85,31.470634,74.409727
20,LUMS-Guest,c8:f9:f9:a0:c4:41,-89,31.470634,74.409727
20,LUMS-Guest,c8:f9:f9:a0:6a:21,-58,31.470634,74.409727
20,wireless,c8:f9:f9:89:84:70,-84,31.470634,74.409727
,,,,,
Location no : 7,,,,,
21,LUMS-Guest,c8:f9:f9:a0:c9:e1,-86,31.470583,74.409644
21,wireless,c8:f9:f9:a0:6a:20,-57,31.470583,74.409644
21,wireless,c8:f9:f9:a0:c4:40,-81,31.470583,74.409644
21,LUMS-Guest,c8:f9:f9:89:84:71,-87,31.470583,74.409644
21,LUMS-Guest,c8:f9:f9:a0:c4:41,-81,31.470583,74.409644
21,LUMS-Guest,c8:f9:f9:a0:6a:21,-58,31.470583,74.409644
22,LUMS-Guest,c8:f9:f9:a0:c9:e1,-86,31.470583,74.409644
22,wireless,c8:f9:f9:a0:6a:20,-57,31.470583,74.409644
22,wireless,c8:f9:f9:a0:c4:40,-81,31.470583,74.409644
22,LUMS-Guest,c8:f9:f9:89:84:71,-87,31.470583,74.409644
22,LUMS-Guest,c8:f9:f9:a0:c4:41,-81,31.470583,74.409644
22,LUMS-Guest,c8:f9:f9:a0:6a:21,-58,31.470583,74.409644
23,wireless,c8:f9:f9:a0:6a:20,-65,31.470583,74.409644
23,wireless,c8:f9:f9:a0:c4:40,-83,31.470583,74.409644
23,LUMS-Guest,c8:f9:f9:89:84:71,-86,31.470583,74.409644
23,LUMS-Guest,c8:f9:f9:a0:c4:41,-80,31.470583,74.409644
23,LUMS-Guest,c8:f9:f9:a0:6a:21,-56,31.470583,74.409644
23,wireless,c8:f9:f9:89:84:70,-80,31.470583,74.409644
,,,,,
Location no : 8,,,,,
24,wireless,c8:f9:f9:a0:6a:20,-63,31.470524,74.409552
24,wireless,c8:f9:f9:a0:c4:40,-80,31.470524,74.409552
24,LUMS-Guest,c8:f9:f9:a0:ba:c1,-96,31.470524,74.409552
24,LUMS-Guest,c8:f9:f9:89:84:71,-89,31.470524,74.409552
24,LUMS-Guest,c8:f9:f9:a0:c4:41,-79,31.470524,74.409552
24,LUMS-Guest,c8:f9:f9:a0:6a:21,-57,31.470524,74.409552
24,wireless,c8:f9:f9:89:84:70,-80,31.470524,74.409552
25,wireless,c8:f9:f9:a0:6a:20,-63,31.470524,74.409552
25,wireless,c8:f9:f9:a0:c4:40,-80,31.470524,74.409552
25,LUMS-Guest,c8:f9:f9:a0:ba:c1,-96,31.470524,74.409552
25,LUMS-Guest,c8:f9:f9:89:84:71,-89,31.470524,74.409552
25,LUMS-Guest,c8:f9:f9:a0:c4:41,-79,31.470524,74.409552
25,LUMS-Guest,c8:f9:f9:a0:6a:21,-57,31.470524,74.409552
25,wireless,c8:f9:f9:89:84:70,-80,31.470524,74.409552
26,wireless,c8:f9:f9:a0:6a:20,-63,31.470524,74.409552
26,LUMS-Guest,c8:f9:f9:a0:ba:c1,-92,31.470524,74.409552
26,LUMS-Guest,c8:f9:f9:89:84:71,-75,31.470524,74.409552
26,LUMS-Guest,c8:f9:f9:a0:6a:21,-73,31.470524,74.409552
26,wireless,c8:f9:f9:a0:c4:40,-80,31.470524,74.409552
26,LUMS-Guest,c8:f9:f9:a0:c4:41,-92,31.470524,74.409552
26,wireless,c8:f9:f9:a0:97:80,-88,31.470524,74.409552
26,wireless,c8:f9:f9:89:84:70,-75,31.470524,74.409552
,,,,,
Location no : 9,,,,,
27,wireless,c8:f9:f9:a0:6a:20,-69,31.470571,74.409499
27,wireless,c8:f9:f9:a0:c4:40,-84,31.470571,74.409499
27,LUMS-Guest,c8:f9:f9:89:84:71,-76,31.470571,74.409499
27,LUMS-Guest,c8:f9:f9:a0:c4:41,-92,31.470571,74.409499
27,LUMS-Guest,c8:f9:f9:a0:6a:21,-69,31.470571,74.409499
27,wireless,c8:f9:f9:89:84:70,-76,31.470571,74.409499
28,wireless,c8:f9:f9:a0:6a:20,-69,31.470571,74.409499
28,wireless,c8:f9:f9:a0:c4:40,-84,31.470571,74.409499
28,LUMS-Guest,c8:f9:f9:89:84:71,-76,31.470571,74.409499
28,LUMS-Guest,c8:f9:f9:a0:c4:41,-92,31.470571,74.409499
28,LUMS-Guest,c8:f9:f9:a0:6a:21,-69,31.470571,74.409499
28,wireless,c8:f9:f9:89:84:70,-76,31.470571,74.409499
29,LUMS-Guest,c8:f9:f9:a0:97:81,-93,31.470571,74.409499
29,wireless,c8:f9:f9:a0:6a:20,-71,31.470571,74.409499
29,wireless,c8:f9:f9:a0:c4:40,-84,31.470571,74.409499
29,LUMS-Guest,c8:f9:f9:89:84:71,-78,31.470571,74.409499
29,LUMS-Guest,c8:f9:f9:a0:6a:21,-73,31.470571,74.409499
29,wireless,c8:f9:f9:89:84:70,-77,31.470571,74.409499
,,,,,
Location no : 10,,,,,
30,LUMS-Guest,c8:f9:f9:a0:97:81,-90,31.470625,74.40958
30,wireless,c8:f9:f9:a0:6a:20,-69,31.470625,74.40958
30,LUMS-Guest,c8:f9:f9:89:84:71,-80,31.470625,74.40958
30,LUMS-Guest,c8:f9:f9:a0:6a:21,-72,31.470625,74.40958
30,wireless,c8:f9:f9:a0:c4:40,-84,31.470625,74.40958
30,LUMS-Guest,c8:f9:f9:a0:c4:41,-92,31.470625,74.40958
30,wireless,c8:f9:f9:a0:97:80,-94,31.470625,74.40958
30,wireless,c8:f9:f9:89:84:70,-79,31.470625,74.40958
31,LUMS-Guest,c8:f9:f9:a0:97:81,-90,31.470625,74.40958
31,wireless,c8:f9:f9:a0:6a:20,-69,31.470625,74.40958
31,LUMS-Guest,c8:f9:f9:89:84:71,-80,31.470625,74.40958
31,LUMS-Guest,c8:f9:f9:a0:6a:21,-72,31.470625,74.40958
31,wireless,c8:f9:f9:a0:c4:40,-84,31.470625,74.40958
31,LUMS-Guest,c8:f9:f9:a0:c4:41,-92,31.470625,74.40958
31,wireless,c8:f9:f9:a0:97:80,-94,31.470625,74.40958
31,wireless,c8:f9:f9:89:84:70,-79,31.470625,74.40958
32,LUMS-Guest,c8:f9:f9:a0:c9:e1,-86,31.470625,74.40958
32,wireless,c8:f9:f9:a0:6a:20,-62,31.470625,74.40958
32,wireless,c8:f9:f9:a0:c4:40,-89,31.470625,74.40958
32,LUMS-Guest,c8:f9:f9:a0:c4:41,-88,31.470625,74.40958
32,LUMS-Guest,c8:f9:f9:a0:6a:21,-59,31.470625,74.40958
32,wireless,c8:f9:f9:89:84:70,-92,31.470625,74.40958
32,wireless,c8:f9:f9:a0:c9:e0,-86,31.470625,74.40958
,,,,,
Location no : 11,,,,,
33,LUMS-Guest,c8:f9:f9:a0:c9:e1,-86,31.47068,74.409664
33,wireless,c8:f9:f9:a0:6a:20,-63,31.47068,74.409664
33,LUMS-Guest,c8:f9:f9:89:84:71,-95,31.47068,74.409664
33,LUMS-Guest,c8:f9:f9:a0:a5:31,-97,31.47068,74.409664
33,LUMS-Guest,c8:f9:f9:a0:c4:41,-87,31.47068,74.409664
33,LUMS-Guest,c8:f9:f9:a0:6a:21,-59,31.47068,74.409664
33,wireless,c8:f9:f9:a0:c9:e0,-85,31.47068,74.409664
34,LUMS-Guest,c8:f9:f9:a0:c9:e1,-86,31.47068,74.409664
34,wireless,c8:f9:f9:a0:6a:20,-63,31.47068,74.409664
34,LUMS-Guest,c8:f9:f9:89:84:71,-95,31.47068,74.409664
34,LUMS-Guest,c8:f9:f9:a0:a5:31,-97,31.47068,74.409664
34,LUMS-Guest,c8:f9:f9:a0:c4:41,-87,31.47068,74.409664
34,LUMS-Guest,c8:f9:f9:a0:6a:21,-59,31.47068,74.409664
34,wireless,c8:f9:f9:a0:c9:e0,-85,31.47068,74.409664
35,LUMS-Guest,c8:f9:f9:a0:c9:e1,-89,31.47068,74.409664
35,LUMS-Guest,c8:f9:f9:89:8a:81,-85,31.47068,74.409664
35,wireless,c8:f9:f9:a0:6a:20,-61,31.47068,74.409664
35,wireless,c8:f9:f9:a0:c4:40,-92,31.47068,74.409664
35,LUMS-Guest,c8:f9:f9:a0:c4:41,-95,31.47068,74.409664
35,LUMS-Guest,c8:f9:f9:a0:6a:21,-60,31.47068,74.409664
35,wireless,c8:f9:f9:89:8a:80,-84,31.47068,74.409664
36,LUMS-Guest,c8:f9:f9:a0:c9:e1,-89,31.47068,74.409664
36,LUMS-Guest,c8:f9:f9:89:8a:81,-85,31.47068,74.409664
36,wireless,c8:f9:f9:a0:6a:20,-61,31.47068,74.409664
36,wireless,c8:f9:f9:a0:c4:40,-92,31.47068,74.409664
36,LUMS-Guest,c8:f9:f9:a0:c4:41,-95,31.47068,74.409664
36,LUMS-Guest,c8:f9:f9:a0:6a:21,-60,31.47068,74.409664
36,wireless,c8:f9:f9:89:8a:80,-84,31.47068,74.409664
,,,,,
Location no : 12,,,,,
37,LUMS-Guest,c8:f9:f9:a0:c9:e1,-88,31.470723,74.409749
37,wireless,c8:f9:f9:a0:6a:20,-75,31.470723,74.409749
37,LUMS-Guest,c8:f9:f9:89:84:71,-90,31.470723,74.409749
37,LUMS-Guest,c8:f9:f9:a0:6a:21,-64,31.470723,74.409749
37,wireless,c8:f9:f9:89:8a:80,-86,31.470723,74.409749
37,LUMS-Guest,c8:f9:f9:89:8a:81,-84,31.470723,74.409749
37,wireless,c8:f9:f9:89:9e:c0,-88,31.470723,74.409749
37,wireless,c8:f9:f9:a0:c4:40,-89,31.470723,74.409749
37,LUMS-Guest,c8:f9:f9:a0:c4:41,-90,31.470723,74.409749
37,wireless,c8:f9:f9:89:84:70,-90,31.470723,74.409749
37,wireless,c8:f9:f9:a0:c9:e0,-85,31.470723,74.409749
38,LUMS-Guest,c8:f9:f9:a0:c9:e1,-88,31.470723,74.409749
38,wireless,c8:f9:f9:a0:6a:20,-75,31.470723,74.409749
38,LUMS-Guest,c8:f9:f9:89:84:71,-90,31.470723,74.409749
38,LUMS-Guest,c8:f9:f9:a0:6a:21,-64,31.470723,74.409749
38,wireless,c8:f9:f9:89:8a:80,-86,31.470723,74.409749
38,LUMS-Guest,c8:f9:f9:89:8a:81,-84,31.470723,74.409749
38,wireless,c8:f9:f9:89:9e:c0,-88,31.470723,74.409749
38,wireless,c8:f9:f9:a0:c4:40,-89,31.470723,74.409749
38,LUMS-Guest,c8:f9:f9:a0:c4:41,-90,31.470723,74.409749
38,wireless,c8:f9:f9:89:84:70,-90,31.470723,74.409749
38,wireless,c8:f9:f9:a0:c9:e0,-85,31.470723,74.409749
39,LUMS-Guest,c8:f9:f9:a0:c9:e1,-75,31.470723,74.409749
39,wireless,c8:f9:f9:a0:a5:30,-96,31.470723,74.409749
39,wireless,c8:f9:f9:a0:6a:20,-77,31.470723,74.409749
39,wireless,c8:f9:f9:a0:c4:40,-90,31.470723,74.409749
39,LUMS-Guest,c8:f9:f9:89:84:71,-93,31.470723,74.409749
39,LUMS-Guest,c8:f9:f9:a0:6a:21,-74,31.470723,74.409749
39,wireless,c8:f9:f9:a0:c9:e0,-75,31.470723,74.409749
,,,,,
Location no : 13,,,,,
40,LUMS-Guest,c8:f9:f9:a0:c9:e1,-72,31.470782,74.409725
40,wireless,c8:f9:f9:a0:6a:20,-78,31.470782,74.409725
40,wireless,c8:f9:f9:a0:c4:40,-91,31.470782,74.409725
40,LUMS-Guest,c8:f9:f9:a0:a5:31,-93,31.470782,74.409725
40,LUMS-Guest,c8:f9:f9:a0:6a:21,-76,31.470782,74.409725
40,wireless,c8:f9:f9:a0:c9:e0,-72,31.470782,74.409725
41,LUMS-Guest,c8:f9:f9:a0:c9:e1,-72,31.470782,74.409725
41,wireless,c8:f9:f9:a0:6a:20,-78,31.470782,74.409725
41,wireless,c8:f9:f9:a0:c4:40,-91,31.470782,74.409725
41,LUMS-Guest,c8:f9:f9:a0:a5:31,-93,31.470782,74.409725
41,LUMS-Guest,c8:f9:f9:a0:6a:21,-76,31.470782,74.409725
41,wireless,c8:f9:f9:a0:c9:e0,-72,31.470782,74.409725
42,LUMS-Guest,c8:f9:f9:a0:c9:e1,-91,31.470782,74.409725
42,wireless,c8:f9:f9:a0:6a:20,-69,31.470782,74.409725
42,wireless,c8:f9:f9:a0:c4:40,-91,31.470782,74.409725
42,LUMS-Guest,c8:f9:f9:a0:a5:31,-94,31.470782,74.409725
42,LUMS-Guest,c8:f9:f9:a0:6a:21,-68,31.470782,74.409725
42,wireless,c8:f9:f9:a0:c9:e0,-82,31.470782,74.409725
43,LUMS-Guest,c8:f9:f9:a0:c9:e1,-91,31.470782,74.409725
43,wireless,c8:f9:f9:a0:6a:20,-69,31.470782,74.409725
43,wireless,c8:f9:f9:a0:c4:40,-91,31.470782,74.409725
43,LUMS-Guest,c8:f9:f9:a0:a5:31,-94,31.470782,74.409725
43,LUMS-Guest,c8:f9:f9:a0:6a:21,-68,31.470782,74.409725
43,wireless,c8:f9:f9:a0:c9:e0,-82,31.470782,74.409725
,,,,,
Location no : 14,,,,,
44,LUMS-Guest,c8:f9:f9:a0:c9:e1,-87,31.470732,74.409649
44,wireless,c8:f9:f9:a0:6a:20,-66,31.470732,74.409649
44,LUMS-Guest,c8:f9:f9:89:84:71,-90,31.470732,74.409649
44,LUMS-Guest,c8:f9:f9:a0:6a:21,-70,31.470732,74.409649
44,wireless,c8:f9:f9:89:9e:c0,-93,31.470732,74.409649
44,wireless,c8:f9:f9:a0:c4:40,-85,31.470732,74.409649
44,LUMS-Guest,c8:f9:f9:a0:c4:41,-83,31.470732,74.409649
44,wireless,c8:f9:f9:89:84:70,-90,31.470732,74.409649
45,LUMS-Guest,c8:f9:f9:a0:c9:e1,-87,31.470732,74.409649
45,wireless,c8:f9:f9:a0:6a:20,-66,31.470732,74.409649
45,LUMS-Guest,c8:f9:f9:89:84:71,-90,31.470732,74.409649
45,LUMS-Guest,c8:f9:f9:a0:6a:21,-70,31.470732,74.409649
45,wireless,c8:f9:f9:89:9e:c0,-93,31.470732,74.409649
45,wireless,c8:f9:f9:a0:c4:40,-85,31.470732,74.409649
45,LUMS-Guest,c8:f9:f9:a0:c4:41,-83,31.470732,74.409649
45,wireless,c8:f9:f9:89:84:70,-90,31.470732,74.409649
46,LUMS-Guest,c8:f9:f9:89:8a:81,-84,31.470732,74.409649
46,wireless,c8:f9:f9:a0:6a:20,-71,31.470732,74.409649
46,LUMS-Guest,c8:f9:f9:89:84:71,-90,31.470732,74.409649
46,LUMS-Guest,c8:f9:f9:a0:c4:41,-83,31.470732,74.409649
46,LUMS-Guest,c8:f9:f9:a0:6a:21,-61,31.470732,74.409649
46,wireless,c8:f9:f9:a0:97:80,-95,31.470732,74.409649
46,wireless,c8:f9:f9:89:8a:80,-84,31.470732,74.409649
,,,,,
Location no : 15,,,,,
47,wireless,c8:f9:f9:a0:6a:20,-70,31.470667,74.409565
47,LUMS-Guest,c8:f9:f9:89:84:71,-86,31.470667,74.409565
47,LUMS-Guest,c8:f9:f9:a0:6a:21,-61,31.470667,74.409565
47,wireless,c8:f9:f9:89:8a:80,-85,31.470667,74.409565
47,LUMS-Guest,c8:f9:f9:89:8a:81,-84,31.470667,74.409565
47,wireless,c8:f9:f9:a0:c4:40,-82,31.470667,74.409565
47,LUMS-Guest,c8:f9:f9:a0:c4:41,-83,31.470667,74.409565
47,wireless,c8:f9:f9:89:84:70,-86,31.470667,74.409565
48,wireless,c8:f9:f9:a0:6a:20,-70,31.470667,74.409565
48,LUMS-Guest,c8:f9:f9:89:84:71,-86,31.470667,74.409565
48,LUMS-Guest,c8:f9:f9:a0:6a:21,-61,31.470667,74.409565
48,wireless,c8:f9:f9:89:8a:80,-85,31.470667,74.409565
48,LUMS-Guest,c8:f9:f9:89:8a:81,-84,31.470667,74.409565
48,wireless,c8:f9:f9:a0:c4:40,-82,31.470667,74.409565
48,LUMS-Guest,c8:f9:f9:a0:c4:41,-83,31.470667,74.409565
48,wireless,c8:f9:f9:89:84:70,-86,31.470667,74.409565
49,wireless,c8:f9:f9:a0:6a:20,-61,31.470667,74.409565
49,wireless,c8:f9:f9:a0:c4:40,-85,31.470667,74.409565
49,LUMS-Guest,c8:f9:f9:89:84:71,-79,31.470667,74.409565
49,LUMS-Guest,c8:f9:f9:a0:6a:21,-62,31.470667,74.409565
49,wireless,c8:f9:f9:a0:97:80,-88,31.470667,74.409565
49,wireless,c8:f9:f9:89:84:70,-79,31.470667,74.409565
50,wireless,c8:f9:f9:a0:6a:20,-61,31.470667,74.409565
50,wireless,c8:f9:f9:a0:c4:40,-85,31.470667,74.409565
50,LUMS-Guest,c8:f9:f9:89:84:71,-79,31.470667,74.409565
50,LUMS-Guest,c8:f9:f9:a0:6a:21,-62,31.470667,74.409565
50,wireless,c8:f9:f9:a0:97:80,-88,31.470667,74.409565
50,wireless,c8:f9:f9:89:84:70,-79,31.470667,74.409565
,,,,,
Location no : 16,,,,,
51,LUMS-Guest,c8:f9:f9:a0:97:81,-90,31.470622,74.40947
51,wireless,c8:f9:f9:a0:6a:20,-63,31.470622,74.40947
51,wireless,c8:f9:f9:a0:c4:40,-83,31.470622,74.40947
51,LUMS-Guest,c8:f9:f9:89:84:71,-81,31.470622,74.40947
51,LUMS-Guest,c8:f9:f9:a0:c4:41,-83,31.470622,74.40947
51,LUMS-Guest,c8:f9:f9:a0:6a:21,-63,31.470622,74.40947
51,wireless,c8:f9:f9:89:84:70,-82,31.470622,74.40947
52,LUMS-Guest,c8:f9:f9:a0:97:81,-90,31.470622,74.40947
52,wireless,c8:f9:f9:a0:6a:20,-63,31.470622,74.40947
52,wireless,c8:f9:f9:a0:c4:40,-83,31.470622,74.40947
52,LUMS-Guest,c8:f9:f9:89:84:71,-81,31.470622,74.40947
52,LUMS-Guest,c8:f9:f9:a0:c4:41,-83,31.470622,74.40947
52,LUMS-Guest,c8:f9:f9:a0:6a:21,-63,31.470622,74.40947
52,wireless,c8:f9:f9:89:84:70,-82,31.470622,74.40947
53,wireless,c8:f9:f9:a0:6a:20,-73,31.470622,74.40947
53,wireless,c8:f9:f9:a0:c4:40,-92,31.470622,74.40947
53,LUMS-Guest,c8:f9:f9:89:84:71,-65,31.470622,74.40947
53,LUMS-Guest,c8:f9:f9:a0:6a:21,-82,31.470622,74.40947
53,wireless,c8:f9:f9:a0:97:80,-95,31.470622,74.40947
53,wireless,c8:f9:f9:89:84:70,-73,31.470622,74.40947
